actual_day,bottle,treatment,vs_in,vs_s,vs_fed,daily_biogas,methane_v_frac,daily_methane,cumu_methane
1,1,Inoculum,7,0,7,3.2100961797003515,0.339941616,1.091245282842764,1.091245282842764
2,1,Inoculum,7,0,7,0.797458576506056,0.679883232,0.5421787143810566,1.6334239972238205
3,1,Inoculum,7,0,7,0.54388741123178,0.725434249,0.39455455570748044,2.027978552931301
4,1,Inoculum,7,0,7,0.4639601803856115,0.770985266,0.35770646308800863,2.3856850160193095
5,1,Inoculum,7,0,7,0.3364116411103417,0.7833791831666667,0.2635378766207773,2.6492228926400867
6,1,Inoculum,7,0,7,0.3368426144562484,0.7957731003333333,0.26805029163023447,2.917273184270321
7,1,Inoculum,7,0,7,0.4295572900052891,0.8081670175,0.34715403390895705,3.264427218179278
8,1,Inoculum,7,0,7,0.2427413580580957,0.8205609346666667,0.19918407565040702,3.4636112938296852
9,1,Inoculum,7,0,7,0.6355684765699019,0.8329548518333333,0.5293998462312199,3.993011140060905
10,1,Inoculum,7,0,7,0.080378678345145,0.845348769,0.06794801679291529,4.06095915685382
11,1,Inoculum,7,0,7,0.25353158666258935,0.84880198325,0.21519811357572508,4.276157270429545
12,1,Inoculum,7,0,7,0.04629307097702373,0.8522551975,0.03945351034840488,4.31561078077795
13,1,Inoculum,7,0,7,0.12671365628033282,0.85570841175,0.10842994156267902,4.424040722340629
14,1,Inoculum,7,0,7,0.1613842334602822,0.859161626,0.13865514043049965,4.562695862771129
15,1,Inoculum,7,0,7,-0.25436744911595355,0.8590137983333334,0,4.562695862771129
16,1,Inoculum,7,0,7,0.4742387800933878,0.8588659706666667,0.40730755019268344,4.970003412963813
17,1,Inoculum,7,0,7,1.281146390947896e-4,0.858718143,1.1001436497459293e-4,4.970113427328787
18,1,Inoculum,7,0,7,0.03464004148193922,0.85958399875,0.02977602537391119,4.999889452702698
19,1,Inoculum,7,0,7,0.1270759599259259,0.8604498545,0.10934249122871077,5.109231943931409
20,1,Inoculum,7,0,7,0.41521567402170056,0.86131571025,0.3576317831769335,5.4668637271083425
21,1,Inoculum,7,0,7,0.34697590976028714,0.862181566,0.29915623324139906,5.766019960349741
22,1,Inoculum,7,0,7,-0.09248887457170696,0.862181566,0,5.766019960349741
23,1,Inoculum,7,0,7,0.25315829740420526,0.862181566,0.21826841730185143,5.984288377651593
24,1,Inoculum,7,0,7,0.4264108545503795,0.862181566,0.3676435783356444,6.351931955987237
25,1,Inoculum,7,0,7,0.1602646799649019,0.862181566,0.13817725274662793,6.490109208733865
26,1,Inoculum,7,0,7,0.0459046939983665,0.862181566,0.039578180958262425,6.5296873896921275
27,1,Inoculum,7,0,7,0.12637886725910086,0.862181566,0.1089615296827577,6.638648919374885
28,1,Inoculum,7,0,7,0.24686127955565418,0.862181566,0.2128392445920577,6.851488163966943
1,2,Inoculum,7,0,7,3.1316411634208547,0.339941616,1.0645751578254055,1.0645751578254055
2,2,Inoculum,7,0,7,0.7665634896338527,0.679883232,0.5211736628654623,1.5857488206908679
3,2,Inoculum,7,0,7,0.46543020038889127,0.725434249,0.33763900788103485,1.9233878285719026
4,2,Inoculum,7,0,7,0.5484543576229122,0.770985266,0.42285022880076006,2.3462380573726627
5,2,Inoculum,7,0,7,0.3381620631867186,0.7833791831666667,0.26490912083716633,2.611147178209829
6,2,Inoculum,7,0,7,0.3386112957395424,0.7957731003333333,0.2694577606185429,2.880604938828372
7,2,Inoculum,7,0,7,0.5130620603756508,0.8081670175,0.4146398351261946,3.2952447739545665
8,2,Inoculum,7,0,7,0.25595293617026815,0.8205609346666667,0.2100249805345529,3.5052697544891194
9,2,Inoculum,7,0,7,0.3375294474015007,0.8329548518333333,0.2811467908497039,3.7864165453388234
10,2,Inoculum,7,0,7,0.5098797589046384,0.845348769,0.4310262265280529,4.217442771866876
11,2,Inoculum,7,0,7,0.2089918001130524,0.84880198325,0.17739265441894644,4.394835426285823
12,2,Inoculum,7,0,7,0.16262033214257343,0.8522551975,0.13859402328768453,4.533429449573507
13,2,Inoculum,7,0,7,0.17390932673850656,0.85570841175,0.14881567377191926,4.682245123345426
14,2,Inoculum,7,0,7,0.20899558453805867,0.859161626,0.17956098623853894,4.8618061095839655
15,2,Inoculum,7,0,7,-0.33715004231612333,0.8590137983333334,0,4.8618061095839655
16,2,Inoculum,7,0,7,0.17443995936890744,0.8588659706666667,0.14982054502643058,5.011626654610396
17,2,Inoculum,7,0,7,0.03467795684395103,0.858718143,0.02977859070407177,5.0414052453144675
18,2,Inoculum,7,0,7,0.09289942031956677,0.85958399875,0.07985485519985021,5.121260100514318
19,2,Inoculum,7,0,7,-0.046887363664215975,0.8604498545,0,5.121260100514318
20,2,Inoculum,7,0,7,0.16211726147995176,0.86131571025,0.1396341442153896,5.260894244729708
21,2,Inoculum,7,0,7,0.12800318907701502,0.862181566,0.1103619900114149,5.371256234741123
22,2,Inoculum,7,0,7,-0.4648345500998614,0.862181566,0,5.371256234741123
23,2,Inoculum,7,0,7,0.12744799267052365,0.862181566,0.1098833099042286,5.481139544645352
24,2,Inoculum,7,0,7,0.12752993201658036,0.862181566,0.10995395649792879,5.5910935011432805
25,2,Inoculum,7,0,7,0.08083200570890359,0.862181566,0.06969186526502343,5.660785366408304
26,2,Inoculum,7,0,7,-0.03507419678186352,0.862181566,0,5.660785366408304
27,2,Inoculum,7,0,7,-0.08154770024574454,0.862181566,0,5.660785366408304
28,2,Inoculum,7,0,7,0.24365369836185913,0.862181566,0.21007372721531933,5.870859093623624
1,3,Inoculum,7,0,7,3.500303539899675,0.339941616,1.189898841844016,1.189898841844016
2,3,Inoculum,7,0,7,0.9195469213098786,0.679883232,0.6251845328358099,1.8150833746798258
3,3,Inoculum,7,0,7,0.5873522031142748,0.725434249,0.4260854043646994,2.2411687790445254
4,3,Inoculum,7,0,7,0.5755971844663943,0.770985266,0.443776948374674,2.6849457274191995
5,3,Inoculum,7,0,7,0.40219796421201526,0.7833791831666667,0.31507351267570477,3.0000192400949044
6,3,Inoculum,7,0,7,0.3893129348656883,0.7957731003333333,0.3098047611779378,3.309824001272842
7,3,Inoculum,7,0,7,0.5362445372666347,0.8081670175,0.43337514833344376,3.7431991496062857
8,3,Inoculum,7,0,7,0.2935530169654097,0.8205609346666667,0.24087813797535645,3.984077287581642
9,3,Inoculum,7,0,7,0.4272560138888881,0.8329548518333333,0.3558849697437194,4.339962257325362
10,3,Inoculum,7,0,7,0.10642611769488752,0.845348769,0.08996718758282228,4.429929444908184
11,3,Inoculum,7,0,7,0.2797360734499792,0.84880198325,0.23744053393091,4.667369978839093
12,3,Inoculum,7,0,7,0.053465148525912554,0.8522551975,0.045565950716318436,4.712935929555412
13,3,Inoculum,7,0,7,0.385898492603971,0.85570841175,0.33021658620286315,5.043152515758275
14,3,Inoculum,7,0,7,0.29286989787819806,0.859161626,0.2516225776674866,5.294775093425762
15,3,Inoculum,7,0,7,-0.43998633066189363,0.8590137983333334,0,5.294775093425762
16,3,Inoculum,7,0,7,0.2397711221569967,0.8588659706666667,0.20593125756920488,5.5007063509949665
17,3,Inoculum,7,0,7,0.05331328558377635,0.858718143,0.0457810855937291,5.546487436588696
18,3,Inoculum,7,0,7,0.09289230875094923,0.85958399875,0.07984874220926055,5.626336178797956
19,3,Inoculum,7,0,7,-0.04017820514188841,0.8604498545,0,5.626336178797956
20,3,Inoculum,7,0,7,0.18560435838901768,0.86131571025,0.1598639497713323,5.786200128569289
21,3,Inoculum,7,0,7,0.20023477143169544,0.862181566,0.17263872880063122,5.95883885736992
22,3,Inoculum,7,0,7,-0.34665926239598477,0.862181566,0,5.95883885736992
23,3,Inoculum,7,0,7,0.3988149288759253,0.862181566,0.34385087992242386,6.302689737292344
24,3,Inoculum,7,0,7,0.4255786035590816,0.862181566,0.3669260268726621,6.669615764165005
25,3,Inoculum,7,0,7,0.49041803817068796,0.862181566,0.4228293921446515,7.092445156309656
26,3,Inoculum,7,0,7,-0.10659811324295809,0.862181566,0,7.092445156309656
27,3,Inoculum,7,0,7,-0.09345080071708978,0.862181566,0,7.092445156309656
28,3,Inoculum,7,0,7,0.05449055686355031,0.862181566,0.04698075364882785,7.139425909958485
1,4,I+RS (ISR: 2),5,2.5,7.5,4.471356127948193,0.353951903,1.5826450104779743,1.5826450104779743
2,4,I+RS (ISR: 2),5,2.5,7.5,1.6639265641299303,0.707903806,1.1778999476520808,2.760544958130055
3,4,I+RS (ISR: 2),5,2.5,7.5,1.313305810122987,0.749263935,0.9840126791511121,3.7445576372811673
4,4,I+RS (ISR: 2),5,2.5,7.5,1.1928518215203496,0.790624064,0.9430973548802214,4.687654992161389
5,4,I+RS (ISR: 2),5,2.5,7.5,0.9463259440297804,0.8005538056666667,0.7575848358941417,5.445239828055531
6,4,I+RS (ISR: 2),5,2.5,7.5,0.9547340995059788,0.8104835473333333,0.7737962797277013,6.219036107783232
7,4,I+RS (ISR: 2),5,2.5,7.5,1.6241633785868395,0.820413289,1.3324852192997811,7.551521327083013
8,4,I+RS (ISR: 2),5,2.5,7.5,-0.9841803429210749,0.829092864,0,7.551521327083013
9,4,I+RS (ISR: 2),5,2.5,7.5,0.46565868777526553,0.837772439,0.3901160145990237,7.941637341682037
10,4,I+RS (ISR: 2),5,2.5,7.5,0.8349653102327128,0.846452014,0.7067580684666146,8.648395410148652
11,4,I+RS (ISR: 2),5,2.5,7.5,0.7064719203746641,0.845318428,0.5971937331572522,9.245589143305905
12,4,I+RS (ISR: 2),5,2.5,7.5,0.2800402570782108,0.844184842,0.23640574017520874,9.481994883481114
13,4,I+RS (ISR: 2),5,2.5,7.5,1.5562407561173899,0.843051256,1.3119907240831552,10.79398560756427
14,4,I+RS (ISR: 2),5,2.5,7.5,0.8562357720063662,0.84191767,0.7208800261382511,11.514865633702522
15,4,I+RS (ISR: 2),5,2.5,7.5,0.1016696844904672,0.8439509126666667,0.08580422301626184,11.600669856718783
16,4,I+RS (ISR: 2),5,2.5,7.5,0.35026069491319944,0.8459841553333333,0.29631499813260936,11.896984854851393
17,4,I+RS (ISR: 2),5,2.5,7.5,0.6572229092228241,0.848017398,0.5573364613851295,12.454321316236523
18,4,I+RS (ISR: 2),5,2.5,7.5,0.43860600458123145,0.84899114375,0.3723726134850374,12.82669392972156
19,4,I+RS (ISR: 2),5,2.5,7.5,0.46114529756252765,0.8499648895,0.39195731188617844,13.21865124160774
20,4,I+RS (ISR: 2),5,2.5,7.5,0.43379416551191596,0.85093863525,0.3691322151801224,13.587783456787863
21,4,I+RS (ISR: 2),5,2.5,7.5,0.364079673182907,0.851912381,0.31016398125495215,13.897947438042815
22,4,I+RS (ISR: 2),5,2.5,7.5,0.7324844923424507,0.851912381,0.6240126079170335,14.521960045959847
23,4,I+RS (ISR: 2),5,2.5,7.5,0.06501187827734256,0.851912381,0.05538442401653308,14.57734446997638
24,4,I+RS (ISR: 2),5,2.5,7.5,-0.6526545133110595,0.851912381,0,14.57734446997638
25,4,I+RS (ISR: 2),5,2.5,7.5,0.583556449857781,0.851912381,0.4971389646462493,15.074483434622628
26,4,I+RS (ISR: 2),5,2.5,7.5,-0.06646269004734506,0.851912381,0,15.074483434622628
27,4,I+RS (ISR: 2),5,2.5,7.5,0.03132592339127527,0.851912381,0.026686941983284907,15.101170376605912
28,4,I+RS (ISR: 2),5,2.5,7.5,0.23418220152769464,0.851912381,0.19950271689128019,15.300673093497192
1,5,I+RS (ISR: 2),5,2.5,7.5,3.1065240042703324,0.353951903,1.0995600830266643,1.0995600830266643
2,5,I+RS (ISR: 2),5,2.5,7.5,1.287248317808816,0.707903806,0.9112479834439585,2.0108080664706227
3,5,I+RS (ISR: 2),5,2.5,7.5,1.072596835764024,0.749263935,0.8036581258331014,2.814466192303724
4,5,I+RS (ISR: 2),5,2.5,7.5,1.179232912274867,0.790624064,0.9323299175053108,3.7467961098090345
5,5,I+RS (ISR: 2),5,2.5,7.5,0.8062792653541742,0.8005538056666667,0.6454699343094084,4.392266044118443
6,5,I+RS (ISR: 2),5,2.5,7.5,1.5291460399844397,0.8104835473333333,1.2393477068773078,5.631613750995751
7,5,I+RS (ISR: 2),5,2.5,7.5,1.2835702893171668,0.820413289,1.0530581227213784,6.684671873717129
8,5,I+RS (ISR: 2),5,2.5,7.5,0.144648742692695,0.829092864,0.11992724035308558,6.804599114070214
9,5,I+RS (ISR: 2),5,2.5,7.5,0.6190763680802256,0.837772439,0.5186451188138324,7.323244232884047
10,5,I+RS (ISR: 2),5,2.5,7.5,0.24439021829203078,0.846452014,0.2068645924751891,7.530108825359236
11,5,I+RS (ISR: 2),5,2.5,7.5,0.5382782149413483,0.845318428,0.4550164944808667,7.985125319840103
12,5,I+RS (ISR: 2),5,2.5,7.5,0.18051862413312136,0.844184842,0.15239108619187644,8.13751640603198
13,5,I+RS (ISR: 2),5,2.5,7.5,1.5474479068914118,0.843051256,1.3045779014993757,9.442094307531356
14,5,I+RS (ISR: 2),5,2.5,7.5,0.7556795010775517,0.84191767,0.6362199248139747,10.078314232345331
15,5,I+RS (ISR: 2),5,2.5,7.5,-0.1578513246259554,0.8439509126666667,0,10.078314232345331
16,5,I+RS (ISR: 2),5,2.5,7.5,0.24784788986650597,0.8459841553333333,0.20967538775986505,10.287989620105197
17,5,I+RS (ISR: 2),5,2.5,7.5,0.394322763658991,0.848017398,0.3343925640102665,10.622382184115464
18,5,I+RS (ISR: 2),5,2.5,7.5,0.4348553565109974,0.84899114375,0.36918834649008564,10.99157053060555
19,5,I+RS (ISR: 2),5,2.5,7.5,-0.026986896462005916,0.8499648895,0,10.99157053060555
20,5,I+RS (ISR: 2),5,2.5,7.5,0.20114948414806122,0.85093863525,0.17116586752219273,11.162736398127743
21,5,I+RS (ISR: 2),5,2.5,7.5,0.13282924015517672,0.851912381,0.11315887424701741,11.275895272374761
22,5,I+RS (ISR: 2),5,2.5,7.5,0.5050359405403313,0.851912381,0.43024637059628806,11.70614164297105
23,5,I+RS (ISR: 2),5,2.5,7.5,-0.06851342960003493,0.851912381,0,11.70614164297105
24,5,I+RS (ISR: 2),5,2.5,7.5,-1.3633832105416896,0.851912381,0,11.70614164297105
25,5,I+RS (ISR: 2),5,2.5,7.5,0.12440340585705201,0.851912381,0.10598080168819052,11.81212244465924
26,5,I+RS (ISR: 2),5,2.5,7.5,-0.06608494173823942,0.851912381,0,11.81212244465924
27,5,I+RS (ISR: 2),5,2.5,7.5,0.16155373227346637,0.851912381,0.13762962472052528,11.949752069379764
28,5,I+RS (ISR: 2),5,2.5,7.5,0.09246820875100425,0.851912381,0.07877481188387307,12.028526881263637
1,6,I+RS (ISR: 2),5,2.5,7.5,4.759363838366424,0.353951903,1.6845858876591802,1.6845858876591802
2,6,I+RS (ISR: 2),5,2.5,7.5,1.7493845748554069,0.707903806,1.2383959986978346,2.9229818863570145
3,6,I+RS (ISR: 2),5,2.5,7.5,1.257786070195432,0.749263935,0.9424137403428156,3.86539562669983
4,6,I+RS (ISR: 2),5,2.5,7.5,1.2678438394676421,0.790624064,1.0023878488772708,4.867783475577101
5,6,I+RS (ISR: 2),5,2.5,7.5,0.8962395703557284,0.8005538056666667,0.7174879988373366,5.585271474414437
6,6,I+RS (ISR: 2),5,2.5,7.5,0.7931709608487694,0.8104835473333333,0.642852013990499,6.228123488404936
7,6,I+RS (ISR: 2),5,2.5,7.5,1.9054198150167991,0.820413289,1.5632317373637037,7.79135522576864
8,6,I+RS (ISR: 2),5,2.5,7.5,0.2939618946037825,0.829092864,0.24372170910391622,8.035076934872556
9,6,I+RS (ISR: 2),5,2.5,7.5,0.6751004986393987,0.837772439,0.5655805913152452,8.6006575261878
10,6,I+RS (ISR: 2),5,2.5,7.5,0.35710882859326,0.846452014,0.30227548717994573,8.902933013367747
11,6,I+RS (ISR: 2),5,2.5,7.5,0.7366391849488121,0.845318428,0.6226946778241311,9.525627691191879
12,6,I+RS (ISR: 2),5,2.5,7.5,0.23625695213074493,0.844184842,0.19944453780589447,9.725072228997773
13,6,I+RS (ISR: 2),5,2.5,7.5,0.3631338555728938,0.843051256,0.3061404530368507,10.031212682034623
14,6,I+RS (ISR: 2),5,2.5,7.5,1.9897681411096713,0.84191767,1.6752209572032855,11.706433639237908
15,6,I+RS (ISR: 2),5,2.5,7.5,0.27501570096737993,0.8439509126666667,0.23209975182908338,11.938533391066992
16,6,I+RS (ISR: 2),5,2.5,7.5,0.3812434563200604,0.8459841553333333,0.3225259233712868,12.26105931443828
17,6,I+RS (ISR: 2),5,2.5,7.5,0.6153471843869198,0.848017398,0.521825118170422,12.782884432608702
18,6,I+RS (ISR: 2),5,2.5,7.5,0.41327114098431394,0.84899114375,0.3508635386631402,13.133747971271841
19,6,I+RS (ISR: 2),5,2.5,7.5,0.34645139565159866,0.8499648895,0.29447152222213185,13.428219493493973
20,6,I+RS (ISR: 2),5,2.5,7.5,0.31141820853684266,0.85093863525,0.2649977853643408,13.693217278858313
21,6,I+RS (ISR: 2),5,2.5,7.5,0.37326301781782334,0.851912381,0.3179873862484273,14.01120466510674
22,6,I+RS (ISR: 2),5,2.5,7.5,0.7510557417782486,0.851912381,0.639833685242029,14.65103835034877
23,6,I+RS (ISR: 2),5,2.5,7.5,0.15158802363338353,0.851912381,0.12913971414460004,14.78017806449337
24,6,I+RS (ISR: 2),5,2.5,7.5,-0.8018389795444136,0.851912381,0,14.78017806449337
25,6,I+RS (ISR: 2),5,2.5,7.5,0.07156365381576535,0.851912381,0.060965962715248394,14.84114402720862
26,6,I+RS (ISR: 2),5,2.5,7.5,-0.08640400463446696,0.851912381,0,14.84114402720862
27,6,I+RS (ISR: 2),5,2.5,7.5,0.18115132175191917,0.851912381,0.15432505383497455,14.995469081043593
28,6,I+RS (ISR: 2),5,2.5,7.5,-0.10218628355827164,0.851912381,0,14.995469081043593
1,7,I+SS,4.9,2.5,7.5,18.292880077750603,0.4831144275,8.837554286088638,8.837554286088638
2,7,I+SS,4.9,2.5,7.5,8.12496889706959,0.966228855,7.850579394326162,16.6881336804148
3,7,I+SS,4.9,2.5,7.5,2.3046614171247874,0.9676769645000001,2.230167764323583,18.918301444738383
4,7,I+SS,4.9,2.5,7.5,0.8483717391980221,0.969125074,0.8221783245297919,19.740479769268173
5,7,I+SS,4.9,2.5,7.5,0.4456262355092022,0.9731057710000001,0.4336414614830098,20.174121230751183
6,7,I+SS,4.9,2.5,7.5,0.10415353518707349,0.977086468,0.10176700982565134,20.275888240576833
7,7,I+SS,4.9,2.5,7.5,0.4390067754121212,0.981067165,0.4306951325693614,20.706583373146195
8,7,I+SS,4.9,2.5,7.5,0.40547596250390683,0.978358876,0.39670100692034044,21.103284380066537
9,7,I+SS,4.9,2.5,7.5,0.008276973466855964,0.975650587,0.008075434021521445,21.111359814088058
10,7,I+SS,4.9,2.5,7.5,-0.2017666856925473,0.972942298,0,21.111359814088058
11,7,I+SS,4.9,2.5,7.5,0.08668492303785413,0.9740418077499999,0.08443473914046105,21.19579455322852
12,7,I+SS,4.9,2.5,7.5,-0.17151581033318308,0.9751413175,0,21.19579455322852
13,7,I+SS,4.9,2.5,7.5,-0.09866365983650738,0.97624082725,0,21.19579455322852
14,7,I+SS,4.9,2.5,7.5,-1.1363949768302,0.977340337,0,21.19579455322852
15,7,I+SS,4.9,2.5,7.5,0.8013729319273395,0.976647905,0.7826591950905437,21.978453748319065
16,7,I+SS,4.9,2.5,7.5,-0.35727431065329185,0.9759554730000001,0,21.978453748319065
17,7,I+SS,4.9,2.5,7.5,-0.18663934742244237,0.975263041,0,21.978453748319065
18,7,I+SS,4.9,2.5,7.5,-0.1447057853912419,0.9737288147500001,0,21.978453748319065
19,7,I+SS,4.9,2.5,7.5,-0.3772342239121542,0.9721945885000001,0,21.978453748319065
20,7,I+SS,4.9,2.5,7.5,-0.37208724449562425,0.97066036225,0,21.978453748319065
21,7,I+SS,4.9,2.5,7.5,-0.6644766624666438,0.969126136,0,21.978453748319065
22,7,I+SS,4.9,2.5,7.5,-0.36595966164795257,0.969126136,0,21.978453748319065
23,7,I+SS,4.9,2.5,7.5,-0.509613570301962,0.969126136,0,21.978453748319065
24,7,I+SS,4.9,2.5,7.5,-0.5132268966790186,0.969126136,0,21.978453748319065
25,7,I+SS,4.9,2.5,7.5,-0.47878226674766466,0.969126136,0,21.978453748319065
26,7,I+SS,4.9,2.5,7.5,-0.5108562995354653,0.969126136,0,21.978453748319065
27,7,I+SS,4.9,2.5,7.5,-0.3194657700553414,0.969126136,0,21.978453748319065
28,7,I+SS,4.9,2.5,7.5,-0.3545996168005239,0.969126136,0,21.978453748319065
1,8,I+SS,4.9,2.5,7.4,-0.9969605474075837,0.4831144275,0,0
2,8,I+SS,4.9,2.5,7.4,6.626636162940575,0.966228855,6.402847072219665,6.402847072219665
3,8,I+SS,4.9,2.5,7.4,2.6081041079719514,0.9676769645000001,2.5238022663022783,8.926649338521944
4,8,I+SS,4.9,2.5,7.4,2.0396622403528415,0.969125074,1.9766878196169533,10.903337158138898
5,8,I+SS,4.9,2.5,7.4,0.5916222416892243,0.9731057710000001,0.575711017639741,11.479048175778638
6,8,I+SS,4.9,2.5,7.4,0.4730798697455949,0.977086468,0.46223993901162336,11.941288114790261
7,8,I+SS,4.9,2.5,7.4,-0.2534696227559703,0.981067165,0,11.941288114790261
8,8,I+SS,4.9,2.5,7.4,0.41822059973974035,0.978358876,0.40916983588141825,12.350457950671679
9,8,I+SS,4.9,2.5,7.4,0.15152707686604572,0.975650587,0.14783748149075163,12.498295432162431
10,8,I+SS,4.9,2.5,7.4,0.9338430552928099,0.972942298,0.9085754081879275,13.406870840350358
11,8,I+SS,4.9,2.5,7.4,0.22338036867529354,0.9740418077499999,0.21758181812034438,13.624452658470702
12,8,I+SS,4.9,2.5,7.4,-0.04352117028630964,0.9751413175,0,13.624452658470702
13,8,I+SS,4.9,2.5,7.4,0.002404962319648263,0.97624082725,0.002347822404438499,13.62680048087514
14,8,I+SS,4.9,2.5,7.4,-0.43504207119332783,0.977340337,0,13.62680048087514
15,8,I+SS,4.9,2.5,7.4,0.6734393854057021,0.976647905,0.6577131649009665,14.284513645776107
16,8,I+SS,4.9,2.5,7.4,-0.09522558242156443,0.9759554730000001,0,14.284513645776107
17,8,I+SS,4.9,2.5,7.4,0.1687125814065915,0.975263041,0.1645391451975525,14.44905279097366
18,8,I+SS,4.9,2.5,7.4,-0.01629778591079578,0.9737288147500001,0,14.44905279097366
19,8,I+SS,4.9,2.5,7.4,-0.38238677668609,0.9721945885000001,0,14.44905279097366
20,8,I+SS,4.9,2.5,7.4,-0.1445986314646035,0.97066036225,0,14.44905279097366
21,8,I+SS,4.9,2.5,7.4,-0.7980451871507288,0.969126136,0,14.44905279097366
22,8,I+SS,4.9,2.5,7.4,-0.3474473617223026,0.969126136,0,14.44905279097366
23,8,I+SS,4.9,2.5,7.4,-0.28476431933686186,0.969126136,0,14.44905279097366
24,8,I+SS,4.9,2.5,7.4,-0.2857268844279357,0.969126136,0,14.44905279097366
25,8,I+SS,4.9,2.5,7.4,-0.34991818991559853,0.969126136,0,14.44905279097366
26,8,I+SS,4.9,2.5,7.4,-0.2934095052573973,0.969126136,0,14.44905279097366
27,8,I+SS,4.9,2.5,7.4,-0.22770678188227933,0.969126136,0,14.44905279097366
28,8,I+SS,4.9,2.5,7.4,-0.09793967544050908,0.969126136,0,14.44905279097366
1,9,I+SS,4.9,2.5,7.4,20.149181283297473,0.4831144275,9.734360180273974,9.734360180273974
2,9,I+SS,4.9,2.5,7.4,7.883711723955425,0.966228855,7.617469752187526,17.3518299324615
3,9,I+SS,4.9,2.5,7.4,3.4283533482243946,0.9676769645000001,3.317538561243194,20.66936849370469
4,9,I+SS,4.9,2.5,7.4,1.127963806037819,0.969125074,1.093138006995723,21.762506500700415
5,9,I+SS,4.9,2.5,7.4,0.37893602584532005,0.9731057710000001,0.36874483358988613,22.1312513342903
6,9,I+SS,4.9,2.5,7.4,0.27738101085033406,0.977086468,0.27102523218202257,22.402276566472324
7,9,I+SS,4.9,2.5,7.4,-0.5539683710546228,0.981067165,0,22.402276566472324
8,9,I+SS,4.9,2.5,7.4,0.1516864622219387,0.978358876,0.14840379668387244,22.550680363156197
9,9,I+SS,4.9,2.5,7.4,0.7239712776490919,0.975650587,0.7063430020094764,23.257023365165672
10,9,I+SS,4.9,2.5,7.4,-0.19487360504133022,0.972942298,0,23.257023365165672
11,9,I+SS,4.9,2.5,7.4,0.0715965765087958,0.9740418077499999,0.06973805881133864,23.32676142397701
12,9,I+SS,4.9,2.5,7.4,-0.1730352509252171,0.9751413175,0,23.32676142397701
13,9,I+SS,4.9,2.5,7.4,-0.33760141094940366,0.97624082725,0,23.32676142397701
14,9,I+SS,4.9,2.5,7.4,-1.3647012627158048,0.977340337,0,23.32676142397701
15,9,I+SS,4.9,2.5,7.4,0.5244497099937462,0.976647905,0.5122027105432497,23.83896413452026
16,9,I+SS,4.9,2.5,7.4,-0.3192856976693008,0.9759554730000001,0,23.83896413452026
17,9,I+SS,4.9,2.5,7.4,-0.1697761076150215,0.975263041,0,23.83896413452026
18,9,I+SS,4.9,2.5,7.4,-0.1460900481536811,0.9737288147500001,0,23.83896413452026
19,9,I+SS,4.9,2.5,7.4,-0.17609374567540215,0.9721945885000001,0,23.83896413452026
20,9,I+SS,4.9,2.5,7.4,-0.23940828820043691,0.97066036225,0,23.83896413452026
21,9,I+SS,4.9,2.5,7.4,-1.110750770332551,0.969126136,0,23.83896413452026
22,9,I+SS,4.9,2.5,7.4,-0.9028055353769489,0.969126136,0,23.83896413452026
23,9,I+SS,4.9,2.5,7.4,-0.3611314542286834,0.969126136,0,23.83896413452026
24,9,I+SS,4.9,2.5,7.4,-0.5287527921235124,0.969126136,0,23.83896413452026
25,9,I+SS,4.9,2.5,7.4,-0.4789490693800076,0.969126136,0,23.83896413452026
26,9,I+SS,4.9,2.5,7.4,-0.45936679443230943,0.969126136,0,23.83896413452026
27,9,I+SS,4.9,2.5,7.4,-0.3787942641745765,0.969126136,0,23.83896413452026
28,9,I+SS,4.9,2.5,7.4,-0.2066423716684227,0.969126136,0,23.83896413452026
1,10,I+MC,7,3.5,10.5,1.2061314757141943,0.222646706,0.2685412000706844,0.2685412000706844
2,10,I+MC,7,3.5,10.5,92.64627318368767,0.445293412,41.25477509504839,41.52331629511907
3,10,I+MC,7,3.5,10.5,144.899581468836,0.540450988,78.31112196561891,119.83443826073798
4,10,I+MC,7,3.5,10.5,92.586158298179555,0.635608564,58.84855512218259,178.68299338292059
5,10,I+MC,7,3.5,10.5,36.06179633156995,0.6541291243333334,23.589071256256865,202.27206463917744
6,10,I+MC,7,3.5,10.5,25.072363729413496,0.6726496846666666,16.86491755643796,219.13698219561542
7,10,I+MC,7,3.5,10.5,18.527508385303236,0.691170245,12.805662509909592,231.942644705525
8,10,I+MC,7,3.5,10.5,22.69203661014467,0.7183167433333334,16.300069837399892,248.2427145429249
9,10,I+MC,7,3.5,10.5,28.748270567606085,0.7454632416666667,21.430778969638055,269.6734935125629
10,10,I+MC,7,3.5,10.5,34.77963890093281,0.77260974,26.871087768543585,296.5445812811065
11,10,I+MC,7,3.5,10.5,45.031465081537135,0.78196838925,35.213182215377216,331.75776349648373
12,10,I+MC,7,3.5,10.5,24.24821856590438,0.7913270385,19.18827098665783,350.94603448314155
13,10,I+MC,7,3.5,10.5,11.851545855382255,0.80068568775,9.489363144117403,360.43539762725896
14,10,I+MC,7,3.5,10.5,3.9873368737108876,0.810044337,3.229919654260789,363.6653172815198
15,10,I+MC,7,3.5,10.5,3.579285960597076,0.812280922,2.907385700175449,366.5727029816952
16,10,I+MC,7,3.5,10.5,2.7893302564070837,0.814517507,2.2719583266483685,368.8446613083436
17,10,I+MC,7,3.5,10.5,1.7087499886160913,0.816754092,1.395628545407146,370.2402898537507
18,10,I+MC,7,3.5,10.5,1.3762622148519768,0.81615517,1.1232435219270918,371.3635333756778
19,10,I+MC,7,3.5,10.5,0.4585310941188254,0.815556248,0.37395789871088414,371.7374912743887
20,10,I+MC,7,3.5,10.5,1.4987120154607965,0.814957326,1.2213863365640014,372.9588776109527
21,10,I+MC,7,3.5,10.5,-0.20865296782039877,0.814358404,0,372.9588776109527
22,10,I+MC,7,3.5,10.5,0.6679702895512492,0.814358404,0.5439672189183732,373.5028448298711
23,10,I+MC,7,3.5,10.5,-0.1231521204698538,0.814358404,0,373.5028448298711
24,10,I+MC,7,3.5,10.5,-0.3226188618054948,0.814358404,0,373.5028448298711
25,10,I+MC,7,3.5,10.5,-0.3333988402058594,0.814358404,0,373.5028448298711
26,10,I+MC,7,3.5,10.5,-0.0027770283255676986,0.814358404,0,373.5028448298711
27,10,I+MC,7,3.5,10.5,-0.1451759268782098,0.814358404,0,373.5028448298711
28,10,I+MC,7,3.5,10.5,-0.27463798259043415,0.814358404,0,373.5028448298711
1,11,I+MC,7,3.5,10.5,10.558696029809225,0.222646706,2.350858890692302,2.350858890692302
2,11,I+MC,7,3.5,10.5,87.50955444689414,0.445293412,38.967428082257264,41.318286972949565
3,11,I+MC,7,3.5,10.5,144.71852719447884,0.540450988,78.21327100416096,119.53155797711052
4,11,I+MC,7,3.5,10.5,97.13292625842845,0.635608564,61.7385197762376,181.27007775334812
5,11,I+MC,7,3.5,10.5,22.95645934335846,0.6541291243333334,15.016488648064838,196.28656640141295
6,11,I+MC,7,3.5,10.5,25.58343748693369,0.6726496846666666,17.208691158275325,213.49525755968827
7,11,I+MC,7,3.5,10.5,19.329629926154837,0.691170245,13.36006505181977,226.85532261150803
8,11,I+MC,7,3.5,10.5,19.171991283473005,0.7183167433333334,13.771562341959385,240.62688495346742
9,11,I+MC,7,3.5,10.5,27.252409811014502,0.7454632416666667,20.31566976094734,260.94255471441477
10,11,I+MC,7,3.5,10.5,36.427616481951134,0.77260974,28.14433129893998,289.08688601335473
11,11,I+MC,7,3.5,10.5,49.98861641046034,0.78196838925,39.08951785532379,328.1764038686785
12,11,I+MC,7,3.5,10.5,40.468816185974674,0.7913270385,32.024068464048206,360.2004723327267
13,11,I+MC,7,3.5,10.5,16.344803469524777,0.80068568775,13.087050207135032,373.2875225398617
14,11,I+MC,7,3.5,10.5,6.530337300909991,0.810044337,5.289862749302004,378.5773852891637
15,11,I+MC,7,3.5,10.5,3.23937520736456,0.812280922,2.631282680142026,381.20866796930574
16,11,I+MC,7,3.5,10.5,3.171607501828362,0.814517507,2.5833298355717353,383.7919978048775
17,11,I+MC,7,3.5,10.5,1.1509819834668633,0.816754092,0.940069244814837,384.7320670496923
18,11,I+MC,7,3.5,10.5,2.4914665511938665,0.81615517,2.033423306638944,386.76549035633127
19,11,I+MC,7,3.5,10.5,0.6989620784512454,0.815556248,0.5700428901959793,387.33553324652723
20,11,I+MC,7,3.5,10.5,0.4362644939749316,0.814957326,0.3555369454385534,387.69107019196576
21,11,I+MC,7,3.5,10.5,-0.03180165264063817,0.814358404,0,387.69107019196576
22,11,I+MC,7,3.5,10.5,0.9098490101695234,0.814358404,0.7409431878026328,388.4320133797684
23,11,I+MC,7,3.5,10.5,-0.0360834905604861,0.814358404,0,388.4320133797684
24,11,I+MC,7,3.5,10.5,-0.0813949095921771,0.814358404,0,388.4320133797684
25,11,I+MC,7,3.5,10.5,-0.18023995351040867,0.814358404,0,388.4320133797684
26,11,I+MC,7,3.5,10.5,0.06358013812393892,0.814358404,0.05177701980871046,388.4837903995771
27,11,I+MC,7,3.5,10.5,0.031911258039031054,0.814358404,0.0259872011662975,388.5097776007434
28,11,I+MC,7,3.5,10.5,1.4847191050196216,0.814358404,1.2090934807520874,389.7188710814955
1,12,I+MC,7,3.5,10.5,2.0451804994277287,0.222646706,0.4553527013730187,0.4553527013730187
2,12,I+MC,7,3.5,10.5,102.79243254729978,0.445293412,45.77279301676697,46.228145718139984
3,12,I+MC,7,3.5,10.5,159.33807125723584,0.540450988,86.11441803698752,132.34256375512751
4,12,I+MC,7,3.5,10.5,106.50055313555515,0.635608564,67.69266364369591,200.03522739882342
5,12,I+MC,7,3.5,10.5,21.694508782323567,0.6541291243333334,14.191010032623126,214.22623743144655
6,12,I+MC,7,3.5,10.5,26.560526451862643,0.6726496846666666,17.865929742426065,232.0921671738726
7,12,I+MC,7,3.5,10.5,23.092634877051864,0.691170245,15.960942105667483,248.05310927954008
8,12,I+MC,7,3.5,10.5,23.32529747225408,0.7183167433333334,16.75495171755078,264.8080609970909
9,12,I+MC,7,3.5,10.5,30.53252203961108,0.7454632416666667,22.760872855907422,287.56893385299827
10,12,I+MC,7,3.5,10.5,42.987990858091166,0.77260974,33.212940439992195,320.78187429299044
11,12,I+MC,7,3.5,10.5,55.182352423574116,0.78196838925,43.150855239688084,363.93272953267854
12,12,I+MC,7,3.5,10.5,32.358299096962696,0.7913270385,25.605996995296714,389.53872652797526
13,12,I+MC,7,3.5,10.5,14.459655365471804,0.80068568775,11.577639100930769,401.116365628906
14,12,I+MC,7,3.5,10.5,5.995187502774911,0.810044337,4.8563676858759885,405.972733314782
15,12,I+MC,7,3.5,10.5,4.887778601551986,0.812280922,3.970249309000518,409.9429826237825
16,12,I+MC,7,3.5,10.5,1.3551111269342755,0.814517507,1.1037617368184667,411.04674436060094
17,12,I+MC,7,3.5,10.5,1.0679756726227652,0.816754092,0.8722735007710959,411.919017861372
18,12,I+MC,7,3.5,10.5,2.4693221489286543,0.81615517,2.015350038243631,413.93436789961567
19,12,I+MC,7,3.5,10.5,0.5372750649727323,0.815556248,0.43817803613311773,414.3725459357488
20,12,I+MC,7,3.5,10.5,0.5156137067109512,0.814957326,0.42020316767010507,414.7927491034189
21,12,I+MC,7,3.5,10.5,-0.16685546279097707,0.814358404,0,414.7927491034189
22,12,I+MC,7,3.5,10.5,0.8842556325892019,0.814358404,0.7201010056833529,415.51285010910226
23,12,I+MC,7,3.5,10.5,-0.23830620165188066,0.814358404,0,415.51285010910226
24,12,I+MC,7,3.5,10.5,-0.19261494197576212,0.814358404,0,415.51285010910226
25,12,I+MC,7,3.5,10.5,-0.2067273894230084,0.814358404,0,415.51285010910226
26,12,I+MC,7,3.5,10.5,-0.14100313335086412,0.814358404,0,415.51285010910226
27,12,I+MC,7,3.5,10.5,-0.224661381808005,0.814358404,0,415.51285010910226
28,12,I+MC,7,3.5,10.5,-0.1842543106992025,0.814358404,0,415.51285010910226
