time,0,1,2,3,4,5,6,7,8,9,10,11,12
3:45:27 PM,22.9,23.4,22.6,23,22.4,22.3,23,23.7,23.2,22.7,22.3,22.6,22.9
4:15:27 PM,22.3,23.7,23,23.5,23.2,23,23.7,24.6,23.8,22.9,24.5,23.4,22.7
4:45:27 PM,21.9,24.8,23.5,24,25.1,24.9,24.5,25.9,25.2,23.7,25.5,24.3,24.3
5:15:27 PM,22.6,26,24.8,24.9,26,25.9,25.9,27.1,26.6,24.9,27.3,25.7,25.4
5:45:27 PM,22.6,26.6,24.8,25.7,26.3,26,25.9,27.4,27.1,25.4,28.1,26.2,25.7
6:15:27 PM,22.6,26.3,24.8,26.2,26.5,26,25.9,27.6,27.3,25.5,28.4,26.3,26
6:45:27 PM,22.6,26.2,24.9,26.3,26.5,26.2,26,27.7,27.3,25.7,28.2,26.3,25.9
7:15:27 PM,22.4,26.5,24.8,26.5,26.5,26,25.7,27.6,26.8,25.1,27.4,26,25.5
7:45:27 PM,22.4,26.2,24.8,26.5,26.3,26.2,25.9,27.4,27,25.2,27.9,26,25.5
8:15:27 PM,22.1,26.2,24.6,26.3,26,25.9,25.5,27.1,26.6,24.8,27.3,25.7,25.2
8:45:27 PM,22.4,26,24.6,26.3,26.3,26,25.9,27.4,26.8,25.1,28.1,26,25.5
9:15:27 PM,22.1,26,24.5,26.3,25.9,25.9,25.5,27.1,26.6,24.8,27.6,25.9,25.2
9:45:27 PM,22.4,26,24.6,26.3,26.2,26,25.7,27.3,26.8,25.1,28.1,26.5,25.5
10:15:27 PM,22.6,26,24.8,26.5,26.2,26.2,25.9,27.4,27,25.2,28.2,26.8,25.7
10:45:27 PM,22.6,26,24.8,26.5,26.2,26.2,25.9,27.4,27,25.1,28.5,27,25.9
11:15:27 PM,22.7,26.2,24.8,26.5,26.2,26.3,26,27.6,27.1,25.2,28.7,27.1,25.9
11:45:27 PM,22.7,26.2,24.9,26.5,26.2,26.3,26,27.4,27.1,25.2,28.8,27.1,25.9
12:15:27 AM,22.4,26.5,24.6,26.5,26.2,26,25.7,27.3,26.6,24.6,27.7,26.6,25.4
12:45:27 AM,22.6,26.2,24.8,26.3,26.2,26,25.9,27.4,26.8,25.1,28.4,26.8,25.5
1:15:27 AM,22.3,26.2,24.6,26.2,25.9,25.7,25.5,27.3,26.5,24.8,27.6,26.3,25.1
1:45:27 AM,22.3,26.3,24.6,26.3,26,25.7,25.5,27.4,26.3,24.5,27.4,26.3,25.1
2:15:27 AM,22.4,26,24.6,26.2,25.7,26,25.7,27.1,26.6,24.9,27.9,26.5,25.2
2:45:27 AM,22.6,26,24.6,25.9,26,26,25.9,27.3,26.8,24.9,28.7,26.8,25.4
3:15:27 AM,22.7,26,24.8,25.9,26,26.2,26,27.4,27,25.1,28.8,27,25.7
3:45:27 AM,22.9,26.2,24.9,25.9,26.2,26.3,26.2,27.6,27.1,25.2,29,27.1,25.9
4:15:27 AM,22.4,26.5,24.6,26,26.3,25.9,25.7,27.6,26.5,24.6,27.4,26.3,25.2
4:45:27 AM,22.6,26.5,24.9,26,26.2,26,25.9,27.4,26.6,24.8,27.7,26.5,25.2
5:15:27 AM,22.6,26.3,24.9,26,25.9,26,25.9,27.4,26.6,24.9,27.6,26.3,25.2
5:45:27 AM,22.6,26.2,24.8,26,25.9,25.9,25.9,27.3,26.5,24.8,27.3,26.3,25.1
6:15:27 AM,23,26.3,25.1,26,26.2,26.3,26.2,27.6,27,25.2,28.2,26.8,25.7
6:45:27 AM,23.4,26.6,25.4,26,26.5,26.5,26.3,27.9,27.1,25.5,28.5,27.1,26
7:15:27 AM,22.7,26.6,24.9,26,26.3,26,25.9,27.7,26.3,24.8,27.1,26.3,25.4
7:45:27 AM,22.7,26.6,25.1,26,26.2,26,26,27.7,26.5,24.8,26.8,26.3,25.1
8:15:27 AM,22.7,26.6,25.1,26,26,26,26,27.6,26.5,24.8,27.1,26.5,25.2
8:45:27 AM,22.6,26.5,24.8,26,25.9,25.9,25.9,27.4,26.2,24.6,26.6,26.2,24.9
9:15:27 AM,22.4,26.3,24.6,25.7,25.7,25.5,25.5,27.3,25.9,24.3,26.5,25.9,24.8
9:45:27 AM,22.6,26.3,24.8,26.2,26,25.9,25.9,27.4,26.2,24.8,27.4,26.6,25.2
10:15:27 AM,22.9,26.3,24.9,26,25.9,25.9,26,27.6,26.5,25.1,28.1,33.2,32.1
10:45:27 AM,23,26.2,24.9,26,26,26,26,27.7,26.2,25.2,28.5,27.9,27
11:15:27 AM,23.2,26.3,25.1,26.3,26.2,26.2,26.2,27.7,26.5,25.4,28.8,26.8,25.7
11:45:27 AM,22.6,26.2,24.5,25.5,26,25.5,25.4,27.4,25.4,24.5,27.3,25.7,24.5
12:15:27 PM,22.3,26.2,24.5,25.4,25.7,25.2,25.4,27.3,25.1,24.1,27,25.2,24
12:45:27 PM,22.3,26.2,24.5,25.5,25.5,25.4,25.4,27.1,25.2,24.1,27,25.2,23.8
1:15:27 PM,22.1,25.9,24.3,25.2,25.4,25.1,25.2,27,24.9,24,26.5,24.9,23.7
1:45:27 PM,22.3,26,24.3,25.4,25.4,25.2,25.4,27,25.2,24.3,26.6,25.1,23.8
2:15:27 PM,23,26.3,24.9,26,25.9,25.9,26,27.7,26.2,25.1,28.4,25.7,24.9
2:45:27 PM,23,26.6,25.1,26,26.2,26,26,27.9,25.9,24.9,27.9,25.9,24.8
3:15:27 PM,23,26.6,25.2,26.2,26.2,26.2,26,27.9,26.2,25.1,28.1,26,24.9
3:45:27 PM,22.6,26.5,24.8,25.5,26,25.5,25.7,27.6,25.2,24.5,27,25.2,24.1
4:15:27 PM,22.4,26.3,24.5,25.4,25.9,25.2,25.4,27.4,25.1,24.3,26.8,25.1,23.8
4:45:27 PM,22.3,26,24.3,25.2,25.7,25.1,25.2,27.3,24.8,24,26.5,24.9,23.7
5:15:27 PM,22.9,26.5,25.1,25.9,26,25.9,26.2,27.9,25.9,25.1,28.1,25.7,24.6
5:45:27 PM,23.5,26.8,25.4,26.3,26.5,26.3,26.5,27.9,26.3,25.4,28.2,27,27.9
6:15:27 PM,23.8,27.3,25.7,26.6,27,26.8,26.8,28.5,26.6,25.5,28.2,27.3,27
6:45:27 PM,23.2,26.8,25.1,26,26.3,26,26.2,27.9,25.9,24.8,27.4,26.6,26
7:15:27 PM,22.9,26.5,24.8,25.7,26.3,25.7,25.9,27.7,25.5,24.5,27.1,26.3,25.5
7:45:27 PM,22.7,26.5,24.8,25.7,26.2,25.7,25.9,27.7,25.4,24.5,27.1,26.2,25.4
8:15:27 PM,22.7,26.5,24.9,25.7,26,25.7,25.9,27.7,25.4,24.5,27.1,26.2,25.4
8:45:27 PM,22.7,26.5,24.9,25.7,26,25.7,25.9,27.7,25.4,24.5,27.3,26,25.4
9:15:27 PM,22.9,26.3,24.9,25.7,26,25.9,26,27.7,25.7,24.8,27.7,26,25.5
9:45:27 PM,23.2,26.3,25.2,26,26.3,26.2,26.5,28.2,26,25.2,28.2,26.3,25.9
10:15:27 PM,23.4,26.3,25.2,26.2,26.3,26.5,26.5,28.1,26.2,25.4,28.2,26.5,26.2
10:45:27 PM,23.4,26.3,25.4,26.3,26.3,26.5,26.5,28.2,26.2,25.2,28.1,26.5,26.2
11:15:27 PM,23.4,26.3,24.9,25.7,26.2,25.9,25.9,27.7,25.7,24.6,27.1,26.2,25.5
11:45:27 PM,23.4,26.3,24.9,25.9,26.2,26,26,27.9,25.7,24.8,27.3,26,25.5
12:15:27 AM,23.4,26.3,24.6,25.5,25.9,25.7,25.7,27.6,25.4,24.5,27,25.7,25.2
12:45:27 AM,23.4,26.3,24.5,25.4,25.9,25.4,25.4,27.4,25.1,24.1,26.5,25.5,25.1
1:15:27 AM,23.4,26.3,24.6,25.5,25.9,25.7,25.7,27.6,25.5,24.6,27.1,25.7,25.2
1:45:27 AM,23.4,26.3,24.5,25.4,25.9,25.5,25.4,27.6,25.4,24.5,27,25.5,25.1
2:15:27 AM,23.4,26.3,24.6,25.4,25.7,25.7,25.4,27.6,25.7,24.8,27.3,25.9,25.4
2:45:27 AM,23.4,26.3,24.6,25.4,25.9,25.7,25.4,27.6,25.7,24.8,27.6,25.9,25.4
3:15:27 AM,23.4,26.3,24.6,25.4,25.9,25.7,25.4,27.6,25.7,24.8,27.7,25.9,25.4
3:45:27 AM,23.4,26.3,24.6,25.4,25.9,25.7,25.4,27.6,25.7,24.8,27.9,25.9,25.4
4:15:27 AM,23.4,26.3,24.3,25.4,25.7,25.4,25.2,27.6,25.2,24.3,27.1,25.4,24.9
4:45:27 AM,23.4,26.3,24.5,25.4,25.7,25.4,25.1,27.6,25.5,24.6,27.7,25.7,25.2
5:15:27 AM,23.4,26.3,24.3,25.2,25.7,25.5,25.2,27.6,25.4,24.5,27.6,25.7,25.2
5:45:27 AM,23.4,26.3,24.3,25.2,25.7,25.4,25.1,27.6,25.5,24.5,27.6,25.5,25.2
6:15:27 AM,23.4,26.3,24.1,25.2,25.5,25.4,25.1,27.6,25.4,24.3,27.7,25.7,25.2
6:45:27 AM,23.4,26.3,24.1,25.2,25.4,25.4,25.1,27.6,25.4,24.3,27.6,25.7,25.4
7:15:27 AM,23.4,26.3,24.1,25.2,25.2,25.4,25.1,27.6,25.2,24.1,27.6,25.7,25.4
7:45:27 AM,23.4,26.3,24.1,25.2,25.2,25.4,25.1,27.6,25.2,24.1,27.4,25.7,25.4
8:15:27 AM,22.3,25.7,24,25.1,25.1,25.9,24.9,27.4,25.2,24,27.4,25.5,25.2
8:45:27 AM,22.9,25.9,24.5,25.1,25.4,25.7,24.9,27,25.2,24.1,27.3,25.4,25.1
9:15:27 AM,22.7,25.7,24.5,25.1,25.4,25.9,24.9,27.1,25.1,24,27.4,25.4,25.1
9:45:27 AM,22.4,25.5,24.1,24.9,25.2,25.7,24.9,27.1,25.1,23.8,27.6,25.2,25.1
10:15:27 AM,21.9,25.1,23.8,24.8,24.9,25.4,24.6,26.6,24.8,23.7,27.3,25.1,24.8
10:45:27 AM,21.8,24.9,23.5,24.5,24.8,25.1,24.5,26.5,24.8,23.7,27.3,24.9,24.6
11:15:27 AM,21.8,24.9,23.5,24.5,24.8,25.1,24.5,26.5,24.8,23.8,27.1,25.1,24.6
11:45:27 AM,21.8,25.1,23.7,24.6,24.9,25.1,24.6,26.6,24.9,24,27,24.9,24.6
12:15:27 PM,21.8,25.2,23.7,24.6,25.1,25.1,24.8,26.5,24.9,24,26.8,24.9,24.8
12:45:27 PM,21.9,25.4,24,24.8,25.2,25.2,25.1,26.5,25.2,24.5,26.8,25.2,24.9
1:15:27 PM,21.8,25.5,24.1,24.9,25.5,25.2,25.1,26.8,25.4,24.5,27,25.2,24.9
1:45:27 PM,21.8,25.7,24.1,25.1,25.5,25.2,25.1,26.6,25.5,24.3,26.8,25.4,24.8
2:15:28 PM,21.8,25.7,24.3,25.1,25.5,25.4,25.2,26.6,25.9,24.5,25.1,24.9,24.8
2:45:27 PM,22.3,25.9,24.6,25.2,26,25.5,25.4,27.1,26.2,24.9,26.2,25.7,25.5
3:15:28 PM,22.4,26,24.8,25.5,26.3,25.7,25.7,27.6,26.5,25.2,26.3,25.9,25.9
3:45:28 PM,22.7,26,24.9,25.7,26.5,25.9,25.9,27.9,26.6,25.2,26.3,26,26
4:15:28 PM,22.3,26,24.6,25.4,25.9,25.5,25.4,27.3,26,24.6,25.2,25.2,25.1
4:45:28 PM,21.9,25.9,24.5,25.2,25.7,25.5,25.2,27,26,24.5,24.9,25.1,24.8
5:15:28 PM,21.9,26,24.5,25.2,25.5,25.4,25.2,26.8,25.7,24.3,24.9,24.6,24.8
5:45:28 PM,21.9,25.9,24.5,25.2,25.7,25.4,25.2,27.1,25.5,24.1,24.9,24.5,24.8
6:15:28 PM,22.1,26,24.5,25.2,25.9,25.4,25.2,27.3,25.5,24.3,25.1,24.6,24.9
6:45:28 PM,22.4,26.2,24.9,25.5,26,25.9,25.9,27.6,26,24.8,25.5,25.1,25.4
7:15:28 PM,22.6,26.2,25.1,25.5,26.3,26,26,27.9,26.5,25.2,26,25.4,25.9
7:45:28 PM,22.9,26.3,25.1,25.7,26.5,26.2,26.2,28.1,26.6,25.4,26,25.5,26
8:15:28 PM,22.4,26.2,24.6,25.4,26.2,25.5,25.7,27.7,25.9,24.8,25.2,24.9,25.2
8:45:28 PM,22.3,26,24.5,25.2,25.9,25.5,25.5,27.3,25.7,24.6,25.1,24.6,25.2
9:15:28 PM,22.3,26,24.6,25.2,25.9,25.5,25.5,27.4,25.7,24.6,25.1,24.8,25.2
9:45:28 PM,22.1,25.7,24.5,25.2,25.7,25.5,25.5,27.1,25.9,24.6,25.1,24.8,25.2
10:15:28 PM,22.6,25.9,24.6,25.5,26.2,25.7,25.7,27.7,26.3,25.1,25.9,25.1,25.7
10:45:28 PM,22.7,25.9,24.8,25.7,26.3,25.7,25.9,27.9,26.5,25.2,26.2,25.4,26
11:15:28 PM,22.3,25.9,24.5,25.2,26,25.4,25.5,27.6,25.7,24.6,25.4,24.8,25.2
11:45:28 PM,22.3,25.9,24.5,25.2,25.9,25.5,25.4,27.4,25.9,24.6,25.2,24.8,25.2
12:15:28 AM,22.1,25.7,24.5,25.2,25.9,25.4,25.4,27.3,25.9,24.6,25.1,24.8,25.2
12:45:28 AM,21.9,25.7,24.3,25.1,25.7,25.2,25.2,27,25.5,24.3,24.8,24.5,24.9
1:15:28 AM,21.8,25.7,24.1,24.9,25.5,25.1,25.1,27,25.2,24.1,24.6,24.3,24.8
1:45:28 AM,21.9,25.7,24.1,25.1,25.5,25.2,25.1,27,25.5,24.3,24.8,24.5,24.9
2:15:28 AM,22.1,25.4,24.1,25.1,25.5,25.4,25.2,26.8,25.9,24.6,25.2,24.8,25.2
2:45:28 AM,22.1,25.4,24.1,25.1,25.5,25.5,25.4,27,26,24.8,25.4,24.9,25.4
3:15:28 AM,22.1,25.4,24.1,25.1,25.5,25.5,25.4,27,26,24.8,25.2,24.8,25.2
3:45:28 AM,22.1,25.5,24.3,25.1,25.5,25.4,25.2,27,26,24.6,25.2,24.8,25.2
4:15:28 AM,22.1,25.5,24.1,25.1,25.5,25.4,25.2,27.1,25.9,24.6,25.2,24.8,25.1
4:45:28 AM,21.9,25.4,24,24.9,25.5,25.1,25.1,27,25.7,24.5,25.1,24.6,25.1
5:15:28 AM,21.6,25.4,23.8,24.8,25.4,24.9,24.8,26.8,25.2,24.1,24.8,24.3,24.8
5:45:28 AM,21.9,25.1,23.8,24.8,25.4,25.1,24.9,26.5,25.7,24.5,25.7,25.1,25.4
6:15:28 AM,22.1,25.2,24,24.8,25.4,25.4,25.1,26.5,26,24.6,26,25.2,25.5
6:45:28 AM,21.9,25.2,24,24.9,25.4,25.2,25.1,26.6,26,24.5,26.2,25.4,25.5
7:15:28 AM,21.9,25.1,23.8,24.9,25.4,25.2,24.9,26.6,25.9,24.5,26,25.1,25.4
7:45:28 AM,21.8,25.1,23.8,24.9,25.2,25.1,24.9,26.6,25.7,24.3,25.9,25.1,25.4
8:15:28 AM,21.8,25.2,23.8,24.8,25.4,25.1,24.9,26.8,25.7,24.3,25.4,24.8,25.1
8:45:28 AM,21.6,25.1,23.7,24.6,25.2,24.9,24.8,26.6,25.5,24.1,25.4,24.8,25.1
9:15:28 AM,21.5,25.1,23.7,24.6,25.2,24.9,24.8,26.6,25.5,24.1,24.9,24.5,24.6
9:45:28 AM,21.6,24.9,23.7,24.6,25.2,24.9,24.8,26.5,25.9,24.5,25.5,24.8,25.1
10:15:28 AM,21.6,24.9,23.7,24.6,25.2,24.9,24.6,26.6,25.9,24.5,25.7,24.9,25.1
10:45:28 AM,21.6,24.9,23.5,24.6,25.1,24.9,24.6,26.5,25.9,24.5,25.7,24.8,25.1
11:15:28 AM,21.6,24.9,23.5,24.6,25.1,24.9,24.6,26.5,25.7,24.5,25.7,24.8,25.1
11:45:28 AM,21.6,24.9,23.5,24.6,25.1,24.9,24.6,26.5,25.7,24.3,25.5,24.8,25.1
12:15:28 PM,21.6,24.9,23.5,24.6,25.1,24.9,24.6,26.5,25.7,24.3,25.4,24.8,25.1
12:45:28 PM,21.6,24.9,23.5,24.5,25.2,24.8,24.6,26.6,25.7,24.3,25.4,24.6,24.9
1:15:28 PM,21.6,24.9,23.5,24.6,25.1,24.8,24.6,26.6,25.7,24.3,25.4,24.6,24.9
1:45:28 PM,21.6,24.9,23.5,24.5,25.1,24.8,24.6,26.6,25.5,24.3,25.4,24.6,24.9
2:15:28 PM,21.6,24.9,23.5,24.5,25.1,24.8,24.6,26.6,25.7,24.3,25.4,24.5,24.9
2:45:28 PM,21.5,24.9,23.5,24.5,25.1,24.8,24.6,26.6,25.5,24.3,25.2,24.5,24.9
3:15:28 PM,21.5,24.8,23.5,24.5,25.1,24.8,24.6,26.5,25.5,24.1,25.1,24.5,24.8
3:45:28 PM,21.5,24.8,23.4,24.5,25.1,24.8,24.6,26.5,25.5,24.1,25.1,24.3,24.8
4:15:28 PM,21.5,24.8,23.4,24.5,25.1,24.8,24.6,26.6,25.5,24.1,25.1,24.3,24.8
4:45:28 PM,21.5,24.8,23.4,24.5,25.2,24.6,24.5,26.8,25.5,24.1,25.1,24.3,24.6
5:15:28 PM,21.5,24.9,23.4,24.3,25.1,24.6,24.6,26.8,25.5,24.1,25.1,24.3,24.6
5:45:28 PM,21.5,24.8,23.4,24.1,25.1,24.8,24.5,26.6,25.5,24.1,24.9,24.3,24.6
6:15:28 PM,21.3,24.8,23.4,24.3,25.1,24.6,24.5,26.6,25.4,24,25.1,24.3,24.6
6:45:28 PM,21.3,24.8,23.4,24.3,24.9,24.6,24.6,26.3,25.4,24.1,24.8,24.1,24.5
7:15:28 PM,21.3,24.8,23.5,24.5,24.9,24.9,24.8,26.2,25.4,24.5,24.8,24,24.5
7:45:28 PM,21.3,24.8,23.5,24.5,24.9,24.9,24.8,26.2,25.5,24.5,24.9,24,24.5
8:15:28 PM,21.3,24.8,23.5,24.5,25.1,24.9,24.8,26.3,25.5,24.5,24.9,24.1,24.5
8:45:28 PM,21.3,24.8,23.5,24.5,24.9,24.9,24.8,26,25.4,24.5,24.9,24,24.5
9:15:28 PM,21.2,24.8,23.4,24.5,24.9,24.9,24.6,26.2,25.4,24.5,24.8,24,24.5
9:45:28 PM,21.2,24.6,23.4,24.3,24.9,24.8,24.6,26.2,25.4,24.5,24.8,24,24.5
10:15:28 PM,21.2,24.6,23.4,24.3,24.9,24.8,24.6,26.2,25.4,24.3,24.8,24,24.3
10:45:28 PM,21.2,24.6,23.2,24.3,24.9,24.8,24.6,26.2,25.2,24.3,24.8,24,24.3
11:15:28 PM,21.2,24.6,23.4,24.3,24.8,24.8,24.6,26,25.2,24.1,24.9,24,24.3
11:45:28 PM,21,24.6,23.2,24.3,24.8,24.8,24.8,25.9,25.2,24.3,24.8,23.8,24.1
12:15:28 AM,21,24.5,23.2,24.1,24.8,24.8,24.8,25.9,25.1,24.1,24.6,23.8,24.1
12:45:28 AM,21,24.5,23.2,24.1,24.8,24.6,24.6,26.2,25.1,24.1,24.6,23.8,24.1
1:15:28 AM,21,24.5,23.2,24.1,24.8,24.6,24.6,26,25.1,24.1,24.6,23.8,24.1
1:45:28 AM,21,24.5,23.2,24.1,24.8,24.6,24.5,26.2,25.1,24.1,24.8,23.8,24.1
2:15:28 AM,21,24.5,23,24.1,24.8,24.5,24.5,26.2,25.1,24.1,24.6,23.8,24.1
2:45:28 AM,21,24.3,23,24.1,24.8,24.5,24.5,26.2,25.1,24,24.8,23.7,24.1
3:15:28 AM,20.8,24.3,23,24.1,24.8,24.5,24.5,26.2,25.1,24,24.6,23.7,24.1
3:45:28 AM,20.8,24.3,23,24,24.8,24.5,24.5,26.2,25.1,24,24.6,23.7,24.1
4:15:28 AM,20.8,24.3,23,24.1,24.8,24.5,24.5,26.2,25.1,24.1,24.6,23.7,24.1
4:45:28 AM,20.8,24.3,23,24.1,24.6,24.5,24.5,26,24.9,24.1,24.6,23.7,24
5:15:28 AM,20.8,24.3,23,24.1,24.6,24.5,24.5,26,25.1,24,24.6,23.7,24
5:45:28 AM,20.8,24.3,22.9,24.1,24.8,24.3,24.3,26.2,24.9,24,24.6,23.5,24
6:15:28 AM,20.8,24.3,23,24,24.8,24.3,24.5,26.2,24.9,24,24.6,23.5,24
6:45:28 AM,20.8,24.1,22.9,24,24.6,24.3,24.3,26.2,24.9,23.8,24.6,23.5,24
7:15:28 AM,20.7,24.1,22.9,24,24.6,24.3,24.3,26.2,24.9,23.8,24.6,23.7,24
7:45:28 AM,20.7,24.1,22.9,24,24.6,24.3,24.3,26,24.8,23.8,24.5,23.5,24
8:15:28 AM,20.7,24.1,22.9,23.8,24.6,24.3,24.1,26.2,24.8,23.8,24.5,23.5,24
8:45:28 AM,20.7,24.1,22.9,23.8,24.6,24.3,24.6,25.9,24.8,23.8,24.5,23.5,23.8
9:15:28 AM,20.7,24.3,22.7,23.8,24.8,24.3,24.8,26.2,24.8,23.8,24.5,23.4,23.8
9:45:28 AM,20.7,24.1,22.7,23.7,24.6,24.1,24.6,26,24.8,23.7,24.5,23.5,24
10:15:28 AM,20.7,24.5,22.6,23.2,24.5,24.1,24.6,26.2,24.8,23.5,24.9,23.8,24.1
10:45:28 AM,20.8,24.6,22.7,23.2,24.3,24.3,24.5,26.2,24.8,23.5,25.1,24,24.3
11:15:28 AM,20.8,24.5,22.7,23.2,24.5,24.3,24.3,26.2,24.8,23.5,25.2,24,24.3
11:45:28 AM,20.8,24.8,22.9,23.4,24.9,24.6,24.5,26.5,24.8,23.8,25.4,24.3,24.8
12:15:28 PM,21,24.9,23,23.8,25.1,24.8,24.6,26.6,24.8,24,25.2,24.3,24.8
12:45:28 PM,21.2,24.9,23.2,24,25.2,25.1,24.8,26.8,25.2,24.1,25.1,24.5,24.6
1:15:28 PM,21.3,25.2,23.7,24.3,25.5,25.4,25.1,27,25.7,24.3,24.9,24.5,24.8
1:45:28 PM,21.5,25.2,23.7,24.3,25.5,25.5,25.1,27.1,25.9,24.3,25.1,24.6,24.8
2:15:28 PM,21.6,25.4,23.7,24.5,25.7,25.5,25.1,27.1,25.9,24.5,24.9,24.6,24.8
2:45:28 PM,21.9,25.5,23.8,24.6,25.9,25.7,25.1,27.1,25.9,24.5,24.9,24.8,24.9
3:15:28 PM,21.9,25.9,24.1,24.9,25.9,25.9,25.1,27.3,25.7,24.5,24.5,25.1,25.2
3:45:28 PM,21.9,25.9,24.1,24.9,25.9,25.9,24.9,27.6,25.7,24.6,24.8,25.1,25.4
4:15:28 PM,21.9,25.9,24.1,24.9,26,25.9,25.1,27.6,25.9,24.6,25.1,25.1,25.4
4:45:28 PM,22.1,26,24.3,24.9,26.3,26,25.2,27.7,26.2,24.8,25.1,25.1,25.4
5:15:28 PM,21.9,26,24,25.1,26.2,25.7,25.1,27.3,25.5,24,24.1,24.6,24.9
5:45:28 PM,22.1,25.7,24,24.8,25.9,25.7,25.2,27.4,25.9,24.6,25.4,24.9,25.2
6:15:28 PM,21.9,25.7,24,24.6,25.9,25.7,25.1,27.3,25.7,24.6,25.1,24.8,25.1
6:45:28 PM,21.8,25.7,24,24.6,25.9,25.7,25.1,27,25.4,24.3,24.6,24.6,24.9
7:15:28 PM,21.9,25.5,24,24.6,25.7,25.7,25.1,27.3,25.9,24.8,25.9,25.1,25.4
7:45:28 PM,22.1,25.4,24.1,24.6,25.7,25.7,25.1,27.4,26,24.9,26.3,25.4,25.5
8:15:28 PM,22.1,25.5,24.1,24.6,25.7,25.7,25.2,27.4,26.2,24.9,26,25.4,25.5
8:45:28 PM,22.1,25.5,24,24.6,25.7,25.7,25.2,27.6,26,24.9,25.5,25.1,25.4
9:15:28 PM,22.1,25.5,24.1,24.6,25.9,25.7,25.2,27.6,26,24.8,25.2,24.9,25.4
9:45:28 PM,21.8,25.7,24,24.8,25.9,25.5,25.1,27.1,25.5,24.5,24.8,24.5,24.9
10:15:28 PM,21.8,25.4,24,24.5,25.9,25.5,25.1,27.4,25.7,24.5,24.9,24.5,24.9
10:45:28 PM,21.6,25.2,23.8,24.3,25.9,25.5,24.9,27.4,25.9,24.5,24.8,24.5,24.9
11:15:28 PM,21.6,25.1,23.8,24.1,25.7,25.4,24.9,27.3,25.7,24.5,24.8,24.3,24.8
11:45:28 PM,21.5,25.1,23.8,24.1,25.5,25.2,24.9,27.3,25.5,24.3,24.6,24.3,24.8
12:15:28 AM,21.5,24.9,23.7,24,25.4,25.2,24.8,27.1,25.4,24.1,24.6,24.1,24.8
12:45:28 AM,21.3,24.9,23.7,23.8,25.2,25.1,24.8,27.1,25.4,24.1,24.5,24.1,24.6
1:15:28 AM,21.3,24.8,23.5,23.8,25.2,25.1,24.6,27.1,25.4,24,24.6,24,24.6
1:45:28 AM,21.3,24.8,23.5,23.7,25.1,24.9,24.6,27.1,25.4,24,24.6,24,24.6
2:15:28 AM,21.2,24.8,23.4,23.7,25.1,24.9,24.5,27,25.4,23.8,24.5,24,24.5
2:45:28 AM,21,24.6,23.4,23.5,25.1,24.8,24.5,27,25.2,23.8,24.5,24,24.5
3:15:28 AM,21,24.6,23.2,23.5,24.9,24.8,24.5,26.8,25.1,23.8,24.5,23.8,24.3
3:45:29 AM,21,24.6,23,23.4,24.8,24.6,24.3,26.6,25.1,23.8,24.5,23.8,24.3
4:15:28 AM,21,24.6,23,23.4,24.5,24.5,24.3,26.6,25.1,23.8,24.3,23.8,24.3
4:45:28 AM,20.8,24.5,23,23.2,24.6,24.5,24.1,26.5,25.1,23.8,24.5,23.8,24.1
5:15:28 AM,20.8,24.5,23,23.2,24.5,24.5,24.1,26.5,24.9,23.7,24.5,23.8,24.1
5:45:28 AM,20.8,24.5,22.9,23.2,24.5,24.5,24.1,26.5,24.9,23.7,24.6,23.8,24.1
6:15:28 AM,20.7,24.5,22.9,23.2,24.6,24.5,24,26.3,24.8,23.5,24.9,24,24.1
6:45:28 AM,20.7,24.5,22.7,23.2,24.5,24.5,24,26.3,24.8,23.5,24.8,24.1,24.1
7:15:28 AM,20.7,24.5,22.7,23,24.5,24.3,24,26.2,24.6,23.5,24.9,24.1,24.1
7:45:28 AM,20.5,24.5,22.7,23,24.3,24.3,24,26.2,24.6,23.5,24.6,24.1,24.1
8:15:28 AM,20.5,24.3,22.6,23,24.3,24.1,24,26,24.6,23.5,24.6,24,24.1
8:45:28 AM,20.5,24.3,22.6,23,24.3,24.1,23.8,26,24.5,23.5,24.6,24.1,24.1
9:15:28 AM,20.5,24.3,22.6,23,24.1,24.1,23.8,26,24.6,23.5,24.6,24.1,24.1
9:45:28 AM,20.5,24.3,22.6,23,24.3,24.1,23.8,26,24.5,23.4,24.6,24.1,24.1
10:15:29 AM,20.5,24.3,22.6,23,24.3,24.1,23.8,25.9,24.3,23.4,24.8,24.1,24.1
10:45:29 AM,20.5,24.3,22.6,23,24.3,24.1,23.8,26,24.6,23.5,24.8,24,24.1
11:15:29 AM,20.5,24.3,22.6,23,24.1,24.1,23.8,26,24.5,23.5,24.9,24.3,24.1
11:45:29 AM,20.5,24.3,22.7,23,24.1,24.1,24,26.2,24.8,23.5,24.9,24.1,24.3
12:15:29 PM,20.7,24.3,22.7,23,24.1,24.1,24,26,24.8,23.7,24.9,24.1,24.5
12:45:28 PM,20.7,24.3,22.9,23.2,24.3,24.1,24.1,26.2,24.9,23.7,24.6,24,24.3
1:15:29 PM,20.8,24.5,22.9,23.2,24.5,24.3,24.3,26.3,25.1,24,24.6,24,24.3
1:45:29 PM,21,24.5,23,23.4,24.6,24.5,24.5,26.5,25.1,23.8,24.5,23.8,24.3
2:15:29 PM,21.2,24.6,23.2,23.5,24.8,24.6,24.5,26.6,25.2,24,24.6,24,24.5
2:45:29 PM,21.2,24.8,23.4,23.7,24.9,24.8,24.6,27,25.2,24,24.5,23.8,24.5
3:15:29 PM,21.3,24.9,23.5,24,25.2,24.9,24.6,27,25.4,24,24.8,24,24.5
3:45:29 PM,22.3,25.1,23.8,24.5,25.5,25.2,24.8,27,25.4,24,24.8,24.3,24.9
4:15:29 PM,22.3,25.4,24.1,24.8,26.2,25.5,25.2,27,25.4,24,24.5,24.5,24.9
4:45:29 PM,22.1,25.5,24,24.9,26.3,25.7,25.2,27.1,25.4,24.1,24.5,24.6,24.9
5:15:29 PM,21.9,25.5,24,24.8,26.2,25.7,25.2,27,25.4,24.1,24.5,24.5,24.9
5:45:29 PM,21.9,25.5,24,24.8,25.5,25.7,24.9,26.6,25.2,24,24.1,24.5,24.8
6:15:29 PM,21.9,25.9,24,24.9,25.9,25.5,25.2,27,25.4,24.1,24.5,24.3,24.6
6:45:29 PM,21.9,26,24,24.9,26,25.4,25.2,27.1,25.4,24.1,24.5,24.1,24.5
7:15:29 PM,21.8,25.9,23.8,24.8,25.9,25.4,25.1,27.1,25.4,24,24.5,24,24.5
7:45:29 PM,21.6,26,23.8,24.8,25.9,25.2,25.1,26.8,25.2,23.8,24.3,24,24.3
8:15:29 PM,21.6,25.9,23.7,24.8,25.7,25.1,24.9,26.8,25.1,23.7,24.3,23.8,24.1
8:45:29 PM,21.5,25.7,23.5,24.6,25.5,25.1,24.8,26.6,25.1,23.7,24.1,23.8,24.1
9:15:29 PM,21.5,25.4,23.5,24.5,25.5,25.1,24.8,26.8,25.1,23.7,24.1,23.7,24
9:45:29 PM,21.3,25.1,23.5,24.3,25.4,25.1,24.6,26.6,25.1,23.5,24,23.7,24
10:15:29 PM,21.2,25.1,23.4,24.1,25.4,25.1,24.6,26.6,24.9,23.5,24,23.5,23.8
10:45:29 PM,21.2,24.8,23.4,23.8,25.2,24.9,24.5,26.5,24.8,23.5,23.8,23.5,23.8
11:15:29 PM,21,24.6,23.2,23.8,25.2,24.9,24.5,26.5,24.8,23.5,23.7,23.5,23.8
11:45:29 PM,21,24.6,23.2,23.7,25.2,24.9,24.5,26.5,24.6,23.5,23.7,23.5,23.7
12:15:29 AM,20.8,24.5,23,23.5,25.1,24.8,24.3,26.3,24.6,23.5,23.5,23.4,23.7
12:45:29 AM,20.8,24.3,23,23.4,25.1,24.8,24.1,26.2,24.6,23.5,23.5,23.4,23.7
1:15:29 AM,20.7,24.3,23,23.2,24.9,24.6,24,26.2,24.5,23.5,23.4,23.4,23.7
1:45:29 AM,20.7,24.1,23,23,24.8,24.6,24,26.2,24.6,23.4,23.4,23.2,23.7
2:15:29 AM,20.5,24.1,22.9,23,24.6,24.3,24,26.2,24.5,23.2,23.4,23.2,23.5
2:45:29 AM,20.5,24,22.9,22.9,24.6,24.3,24.1,26.2,24.3,23.2,23.4,23,23.5
3:15:29 AM,20.4,23.8,22.7,22.9,24.5,24.1,24,26.2,24.3,23,23.4,23,23.4
3:45:29 AM,20.4,23.8,22.7,22.7,24.5,24,24,25.9,24.1,23,23,23,23.2
4:15:29 AM,20.4,23.8,22.6,22.7,24.3,24,23.8,26,24,23,23,22.9,23.2
4:45:29 AM,20.2,23.8,22.6,22.6,24.5,24,23.8,26,24,22.9,23.2,23,23.4
5:15:29 AM,20.2,23.8,22.4,22.6,24.3,23.8,23.8,26,24,22.9,23.4,23,23.2
5:45:29 AM,20.2,23.8,22.4,22.6,24.3,23.8,23.7,25.9,24,22.9,23.4,23,23.2
6:15:29 AM,20.1,23.8,22.3,22.6,24.1,23.8,23.5,25.7,24,22.9,23.5,23,23.4
6:45:29 AM,20.1,23.7,22.3,22.4,24.1,23.7,23.5,25.5,23.8,22.9,23.2,23.2,23.2
7:15:29 AM,20.1,23.7,22.1,22.4,24,23.7,23.4,25.5,23.8,22.9,23.4,23.2,23.4
7:45:29 AM,20.1,23.5,22.1,22.4,24,23.7,23.4,25.4,23.8,22.9,23.4,23.4,23.4
8:15:29 AM,20.1,23.5,22.1,22.4,24,23.7,23.4,25.4,23.8,22.9,23.7,23.4,23.4
8:45:29 AM,19.9,23.7,22.1,22.3,24,23.7,23.4,25.4,23.7,22.7,23.7,23.4,23.4
9:15:29 AM,19.9,23.7,22.1,22.3,24,23.7,23.4,25.4,23.7,22.7,23.4,23.4,23.4
9:45:29 AM,19.9,23.7,22.1,22.4,24,23.7,23.4,25.4,23.7,22.7,23.5,23.4,23.4
10:15:29 AM,20.1,23.7,22.3,22.4,24,23.7,23.4,25.5,23.7,22.7,23.4,23.4,23.4
10:45:29 AM,20.1,23.7,22.3,22.4,24,23.7,23.4,25.5,23.7,22.7,23.8,23.5,23.4
11:15:29 AM,20.1,23.7,22.3,22.4,24.1,23.7,23.5,25.5,23.8,22.9,23.8,23.5,23.5
11:45:29 AM,20.1,23.7,22.3,22.6,24.1,23.8,23.5,25.7,23.8,22.9,24,23.5,23.5
12:15:29 PM,20.2,23.7,22.4,22.6,24.3,24,23.5,25.7,24,23,23.7,23.7,23.7
12:45:29 PM,20.4,23.7,22.6,22.9,24.5,24.1,23.7,25.9,24.1,23.2,23.2,23.4,23.5
1:15:29 PM,20.5,24,23,23,24.8,24.3,23.8,26.2,24.3,23.2,23.2,23.4,23.8
1:45:29 PM,20.7,24.3,23.4,23.2,25.1,24.5,24,26.2,24.5,23.4,23,23.4,23.8
2:15:29 PM,20.8,24.6,23.4,23.5,25.1,24.6,24.1,26.5,24.6,23.5,23.2,23.4,23.8
2:45:29 PM,21,24.6,23.5,23.7,25.2,24.6,24.1,26.5,24.8,23.5,23.2,23.5,24.1
3:15:29 PM,21.2,24.9,23.5,24,25.4,24.9,24.3,26.5,24.9,23.7,23.4,23.5,24
3:45:29 PM,21.2,25.2,23.5,24,25.4,25.1,24.5,26.6,24.9,23.8,23.5,23.7,24.1
4:15:29 PM,21.3,25.2,23.7,24.3,25.4,25.1,24.6,26.8,25.1,23.8,23.5,23.7,24.1
4:45:29 PM,21.5,25.4,23.7,24.3,25.5,25.2,24.8,26.8,25.1,24,23.7,23.7,24.1
5:15:29 PM,21.5,25.4,23.7,24.5,25.4,25.2,24.8,26.8,25.2,24,23.7,23.8,24.1
5:45:29 PM,21.6,25.7,23.7,24.6,25.5,25.4,24.9,27,25.2,24,23.7,23.8,24.1
6:15:29 PM,21.6,25.7,23.7,24.6,25.5,25.4,24.9,27,25.2,24,23.7,23.7,24.1
6:45:29 PM,21.6,25.9,23.7,24.8,25.7,25.4,24.9,26.8,25.1,23.8,23.7,23.7,24.1
7:15:29 PM,21.6,25.9,23.7,24.8,25.7,25.2,24.9,26.6,25.1,23.7,23.5,23.7,24
7:45:29 PM,21.6,25.9,23.5,24.8,25.7,25.2,24.8,26.6,25.1,23.7,23.5,23.7,24
8:15:29 PM,21.5,25.7,23.5,24.6,25.5,25.4,24.8,26.8,25.1,23.7,23.5,23.5,24
8:45:29 PM,21.5,25.5,23.5,24.6,25.5,25.4,24.6,26.6,25.1,23.7,23.5,23.5,24
9:15:29 PM,21.5,25.5,23.5,24.5,25.5,25.2,24.6,26.6,25.1,23.7,23.4,23.5,24
9:45:29 PM,21.3,25.4,23.4,24.3,25.5,25.1,24.6,26.8,24.9,23.7,23.4,23.4,23.8
10:15:29 PM,21.3,25.5,23.4,24.3,25.5,25.1,24.5,26.6,24.8,23.5,23.2,23.4,23.8
10:45:29 PM,21.3,25.4,23.4,24.1,25.4,25.1,24.5,26.6,24.8,23.5,23.2,23.4,23.8
11:15:29 PM,21.2,25.4,23.4,24.1,25.4,25.1,24.5,26.6,24.8,23.5,23.2,23.4,23.8
11:45:29 PM,21.2,25.2,23.4,24,25.4,25.1,24.3,26.6,24.8,23.5,23.2,23.2,23.7
12:15:29 AM,21.2,25.2,23.4,23.8,25.2,25.1,24.1,26.5,24.8,23.5,23.2,23.4,23.8
12:45:29 AM,21,25.1,23.2,23.8,25.2,24.9,24.1,26.5,24.6,23.4,23.5,23.4,23.7
1:15:29 AM,21,24.9,23,23.8,25.2,24.9,24.1,26.5,24.6,23.4,23.5,23.4,23.7
1:45:29 AM,21,24.8,23,23.7,25.2,24.8,24,26.5,24.6,23.4,23.5,23.4,23.7
2:15:29 AM,21,24.8,22.9,23.7,25.2,24.8,24,26.5,24.6,23.2,23.7,23.5,23.7
2:45:29 AM,21,24.6,22.9,23.7,25.2,24.6,23.8,26.6,24.6,23.2,23.7,23.4,23.7
3:15:29 AM,21,24.6,22.9,23.5,25.4,24.6,23.8,26.6,24.6,23.2,23.7,23.4,23.7
3:45:29 AM,21,24.5,22.9,23.5,25.2,24.6,23.8,26.6,24.6,23.2,23.8,23.4,23.7
4:15:29 AM,20.8,24.5,22.7,23.5,25.2,24.5,23.8,26.8,24.6,23.2,23.8,23.4,23.7
4:45:29 AM,20.8,24.5,22.7,23.5,25.2,24.5,23.7,26.8,24.5,23,23.8,23.4,23.7
5:15:29 AM,20.8,24.5,22.6,23.4,25.1,24.3,23.7,26.6,24.3,23,23.8,23.4,23.5
5:45:29 AM,20.8,24.5,22.6,23.4,25.1,24.3,23.7,26.6,24.3,22.9,23.8,23.4,23.5
6:15:29 AM,20.8,24.5,22.6,23.4,25.2,24.5,23.7,26.5,24.3,22.9,23.8,23.2,23.4
6:45:29 AM,20.8,24.5,22.6,23.4,25.1,24.5,23.7,26.5,24.3,22.9,23.8,23.2,23.5
7:15:29 AM,20.8,24.3,22.6,23.4,25.2,24.5,23.7,26.6,24.3,22.9,23.8,23.4,23.5
7:45:29 AM,20.8,24.5,22.6,23.5,25.2,24.6,23.7,26,24.1,22.9,23.4,23.2,23.5
8:15:29 AM,20.8,24.1,22.4,23.4,24.6,24.1,23.4,25.2,23.8,22.7,22.6,23,23.4
8:45:29 AM,20.8,23.7,22.1,23,24.1,23.8,23.2,24.6,23.5,22.6,22.1,22.7,23.2
9:15:29 AM,21,23.4,21.9,22.9,23.5,23.4,23,24.1,23.2,22.4,22.1,22.7,23
9:45:29 AM,21,23.8,22.6,23.2,24.1,24,23.7,25.5,24.3,23.2,24.3,23.4,23.8
10:15:29 AM,21,24.3,23,23.5,24.9,24.8,24.1,26.2,24.8,23.8,24.8,23.8,24.3
10:45:29 AM,21.2,24.6,23.4,23.8,25.1,24.9,24.3,26.6,24.9,24.1,25.5,24.5,25.1
11:15:29 AM,21.5,24.9,23.5,24.1,25.4,25.2,24.5,27,24.9,24.3,26.2,24.8,25.4
11:45:29 AM,21.8,25.2,23.8,24.5,25.7,25.4,24.8,27.1,25.2,24.8,26.3,24.9,25.4
12:15:29 PM,21.8,25.7,24,24.9,26,25.4,24.9,27,25.2,24.5,25.1,24.5,24.9
12:45:29 PM,21.8,25.7,24,24.9,25.9,25.5,25.1,26.8,25.4,24.5,25.1,24.6,24.9
1:15:29 PM,21.8,25.5,24,24.9,25.9,25.5,25.1,27,25.5,24.5,25.1,24.5,24.8
1:45:29 PM,21.6,25.7,23.8,24.8,25.7,25.4,25.1,26.8,25.2,24.1,24.6,24.1,24.6
2:15:29 PM,21.9,25.5,24.1,24.9,25.9,25.7,25.2,27.1,25.9,25.1,25.1,24.6,24.9
2:45:29 PM,22.1,25.5,24.3,24.8,26,25.9,25.2,27.4,26,24.9,25.7,24.9,25.2
3:15:29 PM,22.3,25.7,24.3,24.9,26,26,25.4,27.3,26.2,25.1,25.9,25.1,25.4
3:45:29 PM,22.4,25.7,24.5,25.1,26.3,26,25.5,27.6,26.3,25.1,25.9,25.2,25.5
4:15:29 PM,21.9,25.9,24,24.9,25.7,25.5,25.1,27,25.7,24.5,24.9,24.5,24.9
4:45:29 PM,21.9,25.7,24,24.9,25.5,24.1,25.1,27,25.5,24.5,24.6,24.5,24.8
5:15:29 PM,21.9,25.9,24.1,25.1,25.4,24.1,25.4,27,25.5,24.5,24.8,24.5,24.9
5:45:29 PM,21.9,25.9,24.1,25.1,25.4,25.1,25.4,27,25.5,24.5,24.6,24.5,24.8
6:15:29 PM,22.3,26,24.3,25.2,25.9,25.7,25.7,27.6,26.2,24.9,25.4,24.9,25.4
6:45:29 PM,22.4,26,24.3,25.4,26.2,26,25.9,27.7,26.3,25.1,25.7,25.2,25.7
7:15:29 PM,22.6,26.3,24.6,25.5,26.5,26.3,26,27.9,26.6,25.4,25.7,25.4,25.9
7:45:29 PM,22.1,26.2,24,25.2,26.3,26,25.7,27.6,26.2,24.9,25.1,24.9,25.2
8:15:29 PM,22.3,26,24.1,25.2,26.3,26,25.7,27.7,26.3,25.1,25.2,25.1,25.4
8:45:29 PM,21.9,25.9,24,25.1,26.2,25.9,25.5,27.4,26,24.9,25.1,24.9,25.2
9:15:29 PM,21.8,25.9,23.8,24.9,25.9,25.7,25.4,27.1,25.7,24.6,24.8,24.6,24.9
9:45:29 PM,22.1,25.9,24,25.1,26.2,26,25.7,27.7,26.3,25.1,25.9,25.4,25.5
10:15:29 PM,22.4,25.9,24.3,25.1,26.3,26,25.9,27.9,26.5,25.1,26.2,25.7,25.9
10:45:29 PM,22.4,25.9,24.3,25.1,26.3,26.2,26,27.9,26.5,25.2,26,25.7,25.9
11:15:29 PM,22.3,26,24.1,25.1,26.3,25.9,25.7,27.6,26,24.9,25.4,25.1,25.4
11:45:29 PM,22.3,25.9,24,25.1,26.2,25.9,25.5,27.7,26.2,24.9,25.4,25.1,25.5
12:15:29 AM,21.9,25.7,23.8,24.8,26,25.7,25.4,27.4,26,24.8,25.1,24.8,25.2
12:45:29 AM,21.8,25.7,23.7,24.8,25.9,25.5,25.2,27,25.5,24.5,24.6,24.5,24.8
1:15:29 AM,21.9,25.7,23.8,24.8,26,25.5,25.4,27.3,25.7,24.6,25.1,24.8,25.1
1:45:29 AM,21.9,25.5,23.8,24.8,25.9,25.7,25.4,27.4,26,24.8,25.5,25.1,25.2
2:15:29 AM,22.1,25.5,24,24.8,26,25.7,25.5,27.6,26,24.9,26.2,25.5,25.5
2:45:29 AM,22.3,25.7,24.3,24.8,26,25.9,25.7,27.6,26.2,25.1,26.2,25.5,25.7
3:15:29 AM,22.3,25.7,24.3,24.9,26.2,25.9,25.7,27.7,26.3,25.1,26.3,25.5,25.7
3:45:29 AM,21.9,25.7,24,24.8,25.9,25.5,25.2,27.3,25.7,24.6,25.1,24.8,25.1
4:15:29 AM,22.1,25.5,24,24.8,26,25.5,25.4,27.3,25.7,24.8,25.4,24.8,25.2
4:45:29 AM,21.9,25.4,23.8,24.6,25.9,25.5,25.4,27.4,25.9,24.6,25.2,24.8,25.1
5:15:29 AM,21.6,25.5,23.8,24.6,25.9,25.4,25.1,27.3,25.5,24.3,24.8,24.5,24.9
5:45:29 AM,21.9,25.2,23.8,24.5,25.7,25.5,25.4,27.4,25.9,24.6,25.4,24.9,25.2
6:15:29 AM,21.9,25.2,24,24.5,25.7,25.5,25.4,27.4,25.9,24.6,25.5,24.9,25.2
6:45:29 AM,21.9,25.2,24,24.5,25.7,25.4,25.4,27.4,26,24.8,25.9,24.9,25.2
7:15:29 AM,21.9,25.2,24,24.5,25.5,25.4,25.4,27.4,25.9,24.8,25.7,25.1,25.2
7:45:29 AM,21.9,25.2,24,24.5,25.7,25.4,25.4,27.4,25.9,24.6,25.7,24.9,25.2
8:15:29 AM,21.9,25.1,23.8,24.3,25.5,25.4,25.2,27.3,25.9,24.8,26,25.1,25.2
8:45:29 AM,21.8,25.2,23.8,24.5,25.5,25.2,25.1,27.1,25.5,24.5,25.1,24.6,24.9
9:16:30 AM,21.6,25.2,23.7,24.5,25.5,25.2,25.1,27,25.2,24.3,24.9,24.5,24.8
9:46:30 AM,21.6,25.4,23.7,24.5,25.4,25.2,25.1,27,25.4,24.3,25.1,24.5,24.8
10:16:30 AM,21.9,25.4,24.1,24.6,25.5,25.5,25.5,27.1,25.9,24.8,25.7,25.1,25.2
10:46:30 AM,22.4,25.5,24.5,24.9,25.9,25.7,25.7,27.4,26.2,25.1,26.3,25.5,25.7
11:16:30 AM,22.6,25.9,24.8,25.2,26,25.9,26,27.6,26.3,25.4,27,26,26
11:46:30 AM,22.3,26,24.1,25.1,25.9,25.5,25.4,27.1,25.5,24.6,25.1,24.8,25.1
12:16:30 PM,22.1,25.9,24.1,24.9,25.7,25.5,25.4,27,25.5,24.6,24.9,24.6,24.8
12:46:30 PM,22.1,25.9,24.1,25.1,25.7,25.5,25.4,27.1,25.7,24.6,24.9,24.6,24.9
1:16:30 PM,21.9,25.7,24,24.9,25.5,25.5,25.2,27,25.7,24.6,25.2,24.6,24.9
1:46:30 PM,22.6,25.9,24.6,25.2,25.7,25.9,26,27.3,26.2,25.4,26,25.2,25.7
2:16:30 PM,23.2,26.3,25.2,25.9,26.3,26.3,26.5,28.1,27,26,27,26.2,26.5
2:46:30 PM,22.9,26.5,24.9,25.7,26,26.3,26.2,27.7,26.6,25.4,25.9,25.4,25.9
3:16:30 PM,22.6,26.5,24.5,25.5,26,26,25.7,27.4,26.2,24.9,25.1,24.8,25.2
3:46:30 PM,22.3,26.2,24.1,25.2,25.9,25.9,25.4,27.1,25.7,24.6,24.8,24.5,24.9
4:16:30 PM,22.3,26,24.1,25.1,25.9,25.5,25.2,27.1,25.5,24.5,24.3,24.3,24.8
4:46:30 PM,22.3,26,24.1,25.1,25.7,25.7,25.4,27.1,25.7,24.5,24.5,24.3,24.8
5:16:30 PM,22.4,26,24.3,25.2,25.7,25.7,25.7,27.1,26.2,24.9,25.2,24.8,25.2
5:46:30 PM,23.2,26.6,25.2,26,26.3,26.3,26.5,28.1,27.1,25.9,26.5,25.9,26.3
6:16:30 PM,22.9,26.5,24.9,25.7,26.2,26.2,26.2,27.6,26.6,25.4,25.7,25.2,25.7
6:46:30 PM,23.2,26.8,25.1,26,26.5,26.5,26.3,28.1,27,25.7,26.2,25.7,26
7:16:30 PM,22.4,26.3,24.3,25.2,26,25.9,25.5,27.1,25.9,24.8,24.9,24.6,25.1
7:46:30 PM,22.3,26.2,24.1,25.1,25.9,25.7,25.4,27.1,25.5,24.6,24.6,24.5,24.9
8:16:30 PM,22.3,26,24.1,25.2,25.7,25.7,25.4,27.1,25.9,24.6,24.9,24.5,24.9
8:46:30 PM,22.1,26,24.1,25.1,25.7,25.7,25.5,27.1,25.9,24.6,24.9,24.5,24.9
9:16:30 PM,22.1,26,24.1,25.1,25.5,25.7,25.5,27,25.9,24.6,24.9,24.6,24.9
9:46:30 PM,21.9,25.9,24,24.9,25.4,25.5,25.2,27,25.7,24.3,24.6,24.3,24.6
10:16:30 PM,22.7,26,24.6,25.4,26,26,26,27.7,26.5,25.2,25.5,25.2,25.5
10:46:30 PM,22.6,26.3,24.6,25.5,26,26,25.9,27.6,26.5,25.2,25.5,25.1,25.5
11:16:30 PM,22.9,26.3,24.8,25.7,26.5,26.2,26.2,28.2,26.6,25.4,25.9,25.4,25.9
11:46:30 PM,22.9,26.3,24.6,25.5,26.5,26,26,28.1,26.3,25.2,25.5,25.2,25.7
12:16:30 AM,22.4,26,24.1,25.2,25.7,25.7,25.5,27.6,26,24.8,25.2,24.8,25.1
12:46:30 AM,21.9,25.7,23.8,24.9,25.5,25.4,25.2,27,25.5,24.3,24.8,24.3,24.6
1:16:30 AM,21.8,25.7,23.7,24.8,25.4,25.1,24.9,26.6,25.1,24.1,24.3,24,24.5
1:46:30 AM,21.8,25.9,23.7,24.8,25.5,25.2,25.1,27,25.2,24.1,24.5,24,24.5
2:16:30 AM,21.9,25.7,24,24.8,25.7,25.4,25.2,27.3,25.5,24.5,24.9,24.5,24.9
2:46:30 AM,22.3,25.5,24,24.8,25.9,25.4,25.4,27.7,25.9,24.8,25.2,24.8,25.2
3:16:30 AM,22.4,25.7,24.1,24.9,26,25.5,25.5,27.9,26,24.8,25.5,24.9,25.2
3:46:30 AM,22.4,25.7,24.3,24.9,26.2,25.4,25.4,27.9,25.9,24.8,25.2,24.8,25.4
4:16:30 AM,21.9,25.7,23.7,24.6,25.7,25.1,25.1,27.1,25.2,24.1,24.6,24.3,24.6
4:46:30 AM,22.1,25.5,23.8,24.6,25.9,25.2,25.2,27.6,25.5,24.5,25.1,24.5,24.9
5:16:30 AM,21.8,25.5,23.7,24.5,25.5,25.1,24.9,27.1,25.1,24.1,24.5,24.1,24.5
5:46:30 AM,21.9,25.2,23.7,24.5,25.7,25.1,25.2,27.4,25.4,24.3,25.2,24.6,24.9
6:16:30 AM,22.1,25.2,23.7,24.5,25.7,25.2,25.2,27.6,25.7,24.5,25.5,24.8,25.1
6:46:30 AM,22.3,25.2,23.8,24.5,25.7,25.2,25.4,27.6,25.7,24.6,25.4,24.8,25.1
7:16:30 AM,22.3,25.4,24,24.6,25.7,25.2,25.2,27.7,25.7,24.6,25.4,24.8,25.2
7:46:30 AM,21.9,25.4,23.7,24.5,25.5,25.1,25.1,27.3,25.2,24.1,24.8,24.3,24.6
8:16:30 AM,21.8,25.4,23.4,24.3,25.2,24.8,24.8,26.8,24.9,23.8,24.5,24,24.3
8:46:30 AM,22.1,25.2,23.7,24.5,25.5,25.1,25.1,27.3,25.4,24.3,25.1,24.5,24.8
9:16:30 AM,22.3,25.4,23.8,24.6,25.9,25.2,25.4,27.6,25.9,24.6,25.7,24.8,25.1
9:46:30 AM,22.7,25.7,24.1,24.9,26.2,25.5,25.7,27.9,26,24.9,25.7,25.1,25.4
10:16:30 AM,22.6,26.2,24.1,25.1,26,25.5,25.5,27.4,25.7,24.6,25.2,24.8,25.1
10:46:30 AM,22.1,26,23.7,24.8,25.5,25.1,25.1,27,25.2,24,24.5,24.1,24.5
11:16:30 AM,21.9,26,23.7,24.8,25.7,25.4,25.1,26.8,25.2,24,24.3,24.1,24.5
11:46:30 AM,21.9,26.2,24,25.2,25.9,25.9,25.4,27.1,25.7,24.5,24.5,24.6,24.8
12:16:30 PM,21.9,26.2,24,25.2,25.5,25.9,25.4,27.1,25.9,24.5,24.5,24.6,24.8
12:46:30 PM,22.1,26.3,24.1,25.4,25.7,26,25.5,27.3,26,24.6,24.6,24.8,24.9
1:16:30 PM,22.4,26.5,24.5,25.5,26,26.3,25.9,27.6,26.3,25.1,25.1,25.2,25.4
1:46:30 PM,22.7,26.6,24.8,26,26.2,26.5,26.2,27.7,26.6,25.2,25.2,25.4,25.5
2:16:30 PM,22.7,26.8,24.8,26,26.3,26.6,26.2,27.7,26.6,25.2,25.2,25.2,25.5
2:46:30 PM,23.2,26.6,24.6,25.7,26.3,26.3,26,27.4,26.3,24.9,24.9,25.1,25.2
3:16:30 PM,23.2,26.6,24.5,25.7,26.3,26,25.7,27,25.9,24.8,24.6,24.8,25.1
3:46:30 PM,23.5,26.5,24.5,25.5,26.3,26.2,25.7,27.3,26,24.6,24.6,24.8,25.1
4:16:30 PM,23.8,26.3,24.3,25.5,26.2,26,25.5,27.1,25.9,24.6,24.5,24.6,24.9
4:46:30 PM,23.5,26.5,24.5,25.4,26.2,26,25.5,27.1,25.9,24.6,24.5,24.6,24.9
5:16:30 PM,23.5,27.4,25.5,26.2,27,27.1,26.6,28.2,27,25.9,25.5,25.2,25.5
5:46:30 PM,23.7,27.6,25.9,26.5,27.3,27.4,27,28.4,27.4,26,26,25.5,25.9
6:16:30 PM,23.7,27.6,25.7,26.3,27.3,27.4,26.8,28.4,27.3,25.9,26,25.4,25.9
6:46:30 PM,23,27,25.1,25.9,27,27,26.3,28.1,26.6,25.4,25.4,25.1,25.4
7:16:30 PM,22.7,26.6,24.9,25.7,26.6,26.6,26,27.7,26.3,25.1,25.1,24.9,25.2
7:46:30 PM,22.6,26.5,24.5,25.4,26.3,26.3,25.7,27.4,26,24.8,24.8,24.8,25.1
8:16:30 PM,22.4,26.3,24.3,25.2,26.3,26,25.5,27.3,25.7,24.6,24.6,24.5,24.9
8:46:30 PM,22.3,26.2,24.1,25.1,26.2,26,25.5,27.3,25.7,24.5,24.6,24.5,24.8
9:16:30 PM,22.9,26.5,24.9,25.7,26.2,26.5,26,27.9,26.5,25.1,25.2,25.1,25.4
9:46:30 PM,23.2,26.8,25.1,26,26.3,26.8,26.3,28.1,26.6,25.4,25.5,25.4,25.7
10:16:30 PM,23.4,27,25.2,26.3,26.5,26.8,26.3,28.1,26.6,25.4,25.7,25.4,25.7
10:46:30 PM,22.7,26.5,24.5,25.5,26.3,26.3,25.7,27.7,26,24.9,25.1,24.8,25.1
11:16:30 PM,22.7,26.3,24.3,25.4,26.3,26.2,25.7,27.6,25.9,24.8,24.8,24.6,25.1
11:46:30 PM,22.7,26.5,24.3,25.5,26.2,26,25.5,27.3,25.7,24.6,24.6,24.6,24.9
12:16:30 AM,22.6,26.3,24.3,25.4,26.2,26,25.5,27.3,25.7,24.6,24.6,24.6,24.9
12:46:30 AM,22.6,26.2,24.3,25.4,25.9,25.9,25.4,27.4,25.9,24.5,24.8,24.6,24.9
1:16:30 AM,22.9,26.3,24.8,25.7,25.7,26.3,25.9,27.7,26.3,25.1,25.4,24.9,25.2
1:46:30 AM,23,26.5,24.8,25.9,26,26.3,26,27.7,26.2,25.1,25.4,25.1,25.4
2:16:30 AM,22.6,26.2,24.1,25.2,26,25.9,25.4,27.3,25.5,24.5,24.8,24.5,24.9
2:46:30 AM,22.6,26.2,24.1,25.2,26,25.9,25.4,27.4,25.7,24.5,24.8,24.5,24.8
3:16:30 AM,22.6,26.2,24.3,25.4,25.9,25.9,25.4,27.3,25.7,24.5,24.6,24.5,24.8
3:46:30 AM,22.4,26,24.1,25.2,25.5,25.7,25.4,27.3,25.5,24.3,24.6,24.3,24.8
4:16:30 AM,22.3,26,24,25.1,25.7,25.4,25.2,27,25.2,24.1,24.5,24.1,24.5
4:46:30 AM,22.6,26.2,24.3,25.4,25.7,25.9,25.5,27.4,25.9,24.6,24.9,24.6,25.1
5:16:30 AM,22.7,26.3,24.5,25.5,25.7,26.2,25.7,27.6,26,24.9,25.1,24.8,25.2
5:46:30 AM,22.9,26.3,24.6,25.5,25.7,26.2,25.7,27.6,26.2,24.9,25.2,24.9,25.4
6:16:30 AM,23,26.3,24.6,25.5,26.2,26.2,25.9,28.1,26.3,25.1,25.4,25.2,25.7
6:46:30 AM,22.6,26,24.1,25.1,25.9,25.9,25.4,27.4,25.7,24.6,24.6,24.5,24.9
7:16:30 AM,22.4,25.9,24,25.1,25.5,25.5,25.2,27.1,25.5,24.3,24.5,24.3,24.8
7:46:30 AM,22.3,25.9,23.8,24.9,25.5,25.4,25.1,26.8,25.1,24.1,24.1,24.1,24.5
8:16:30 AM,22.1,25.7,23.8,24.8,25.5,25.4,24.9,26.8,25.1,24,24.1,24,24.5
8:46:30 AM,22.6,25.9,24.1,25.1,25.9,25.7,25.4,27.4,25.7,24.6,24.8,24.6,25.1
9:16:30 AM,22.7,26.2,24.3,25.4,25.7,25.9,25.5,27.6,26,24.8,25.1,24.8,25.2
9:46:30 AM,22.7,26.2,24.3,25.4,25.9,25.9,25.5,27.6,26,24.8,25.1,24.9,25.2
10:16:30 AM,22.7,26.3,24.3,25.4,26,25.9,25.5,27.6,26,24.8,25.1,24.8,25.2
10:46:30 AM,22.4,26.2,24.1,25.2,25.9,26,25.4,27.3,25.9,24.5,24.6,24.6,24.9
11:16:30 AM,22.1,26.3,24,25.1,26,25.4,25.2,27,25.4,24.3,24.3,24.5,24.6
11:46:30 AM,22.4,26.3,24.3,25.4,26,25.7,25.7,27,25.9,24.6,24.6,24.8,24.9
12:16:30 PM,22.4,26.3,24.5,25.4,26,25.7,25.7,27.3,26.2,24.8,24.8,24.9,25.1
12:46:30 PM,22.3,26.2,24.5,25.2,26,25.7,25.7,27.1,26.2,24.6,24.6,24.8,25.1
1:16:30 PM,22.7,26.5,24.9,25.9,26.2,26.2,26,27.6,26.8,25.1,25.2,25.2,25.4
1:46:30 PM,22.9,26.6,25.2,26.2,26.3,26.3,26.2,27.7,26.8,25.2,25.5,25.4,25.7
2:16:30 PM,23,26.8,25.2,26.2,26.3,26.5,26.3,27.9,27,25.4,25.9,25.5,25.9
2:46:31 PM,22.9,26.6,24.8,25.9,26.2,25.9,25.9,27.7,26.5,24.9,25.4,25.1,25.4
3:16:30 PM,22.7,26.6,24.6,25.5,26.3,25.7,25.7,27.6,26.2,24.8,25.1,25.1,25.2
3:46:30 PM,22.6,26.5,24.6,25.5,26.3,25.5,25.7,27.4,26.2,24.6,25.1,24.9,25.1
4:16:30 PM,22.6,26.5,24.6,25.5,26.3,25.5,25.7,27.4,26.2,24.6,24.9,24.9,25.1
4:46:30 PM,22.6,26.5,24.6,25.5,26.3,25.5,25.7,27.4,26.2,24.8,24.9,24.9,25.1
5:16:30 PM,23.5,26.5,24.8,25.5,26.5,25.7,25.7,27.6,26.3,24.9,25.1,25.1,25.2
5:46:30 PM,24,27.1,25.4,26.3,27,26.2,26.3,28.1,27,25.2,25.7,25.5,25.7
6:16:30 PM,24.1,27.3,25.7,26.6,27,26.5,26.5,28.4,27.1,25.5,26,25.7,26
6:46:31 PM,23.4,26.8,24.8,25.9,26.6,25.7,25.9,27.9,26.5,24.9,25.2,25.1,25.4
7:16:31 PM,23.2,26.5,24.5,25.4,26.5,25.4,25.7,27.6,26,24.6,25.1,24.9,25.1
7:46:31 PM,22.9,26.3,24.3,25.4,26.3,25.4,25.4,27.3,25.9,24.6,24.8,24.8,24.9
8:16:31 PM,22.9,26.5,24.5,25.4,26.3,25.4,25.5,27.4,26,24.6,24.9,24.8,25.1
8:46:31 PM,23,26.5,24.9,25.7,26.3,25.7,25.7,27.7,26.3,24.8,25.2,25.1,25.2
9:16:31 PM,23.4,26.8,25.2,26.2,26.5,26,26,27.9,26.6,25.1,25.7,25.2,25.5
9:46:31 PM,23.5,27.1,25.2,26.3,26.6,26,26.2,27.9,26.6,25.2,25.7,25.4,25.5
10:16:31 PM,23,26.5,24.8,25.5,26.3,25.5,25.5,27.6,26.2,24.6,25.1,24.9,25.1
10:46:31 PM,22.7,26.3,24.5,25.2,26.2,25.2,25.2,27.3,25.9,24.3,24.8,24.6,24.8
11:16:31 PM,22.6,26.2,24.1,25.1,26,24.9,25.1,27.1,25.4,24.1,24.6,24.5,24.6
11:46:31 PM,22.6,26.3,24.1,25.1,25.9,24.9,25.1,27,25.4,24.1,24.5,24.5,24.6
12:16:31 AM,22.6,26.2,24.1,25.1,26,25.1,25.2,27.1,25.5,24.3,24.5,24.5,24.6
12:46:31 AM,22.9,26.3,24.8,25.7,26,25.7,25.7,27.6,26.2,24.8,25.1,25.1,25.1
1:16:31 AM,23.4,26.8,25.2,26,26.3,26,26.2,27.7,26.6,25.1,25.5,25.5,25.7
1:46:31 AM,23.5,27,25.4,26.2,26.5,26.3,26.5,28.2,27,25.4,25.7,25.9,25.9
2:16:31 AM,23,26.8,24.8,25.7,26.3,25.7,25.9,27.7,26.2,24.8,25.2,25.1,25.2
2:46:31 AM,22.9,26.5,24.6,25.4,26,25.4,25.4,27.3,25.9,24.5,24.8,24.8,24.9
3:16:31 AM,22.7,26.3,24.3,25.2,26,25.2,25.2,27.1,25.7,24.3,24.8,24.6,24.8
3:46:31 AM,22.6,26.2,24.6,25.4,25.9,25.4,25.4,27.3,25.9,24.5,24.9,24.6,24.9
4:16:31 AM,22.4,26,24.5,25.2,25.9,25.1,25.2,27.1,25.7,24.3,24.6,24.5,24.8
4:46:31 AM,22.4,26,24.5,25.2,25.7,25.1,25.1,27,25.5,24.1,24.6,24.5,24.6
5:16:31 AM,22.7,26.3,24.6,25.2,26,25.5,25.9,27.6,26,24.8,25.2,24.8,25.2
5:46:31 AM,23,26.3,24.8,25.2,26.3,25.7,26.2,28.1,26.3,25.1,25.5,25.1,25.5
6:16:31 AM,23.2,26.5,24.8,25.4,26.3,25.9,26.3,28.1,26.5,25.4,25.5,25.2,25.7
6:46:31 AM,23,26.6,24.8,25.4,26.5,25.5,25.9,27.7,26.2,24.9,25.2,24.9,25.4
7:16:31 AM,22.7,26.2,24.5,25.1,26,25.4,25.5,27.4,26,24.6,25.1,24.6,25.1
7:46:31 AM,22.6,26.2,24.5,25.1,26,25.1,25.4,27.1,25.7,24.3,24.6,24.5,24.8
8:16:31 AM,22.3,25.9,24.3,24.9,25.7,24.9,25.2,27,25.5,24.3,24.6,24.3,24.8
8:46:31 AM,22.1,25.9,24.1,24.8,25.7,24.8,25.1,26.8,25.2,24.1,24.3,24.1,24.5
9:16:31 AM,22.3,25.9,24,24.6,25.7,24.9,25.2,27.3,25.5,24.3,24.8,24.3,24.8
9:46:31 AM,22.7,26,24.5,25.1,26,25.4,26,27.7,26.2,24.9,25.2,24.8,25.2
10:16:31 AM,22.9,26.5,24.6,25.4,26.3,25.9,26.3,27.9,26.5,25.4,25.4,25.4,25.9
10:46:31 AM,23,27.4,24.9,25.9,27.1,26.5,26.5,28.5,27.3,25.9,26,26,26.3
11:16:31 AM,22.6,27.1,24.6,25.5,26.8,26.2,25.9,28.1,26.8,25.2,25.7,25.7,25.9
11:46:31 AM,22.3,27,24.3,25.4,26.6,25.9,25.5,27.7,26.2,24.9,25.2,25.2,25.4
12:16:31 PM,22.1,26.8,24.1,25.2,26.5,25.5,25.5,27.6,26,24.6,25.1,25.1,25.1
12:46:31 PM,22.1,26.6,24.1,25.2,26.3,25.4,25.4,27.4,26,24.5,24.9,24.9,24.9
1:16:31 PM,22.4,26.8,24.5,25.5,26.5,26,26,27.7,26.6,25.1,25.4,25.5,25.4
1:46:31 PM,22.9,27,24.8,25.9,27,26.5,26.6,28.1,27.1,25.7,25.9,26,26
2:16:31 PM,23.2,27.1,25.1,26,27.1,26.6,26.8,28.4,27.4,25.9,26.2,26.2,26.3
2:46:31 PM,22.6,26.8,24.5,25.5,26.6,25.9,25.9,27.9,26.3,25.1,25.4,25.2,25.4
3:16:31 PM,22.4,26.6,24.5,25.4,26.5,25.5,25.5,27.4,26,24.6,24.9,25.1,25.1
3:46:31 PM,22.3,26.6,24.3,25.4,26.3,25.5,25.5,27.3,25.7,24.5,24.9,24.9,24.9
4:16:31 PM,22.3,26.6,24.5,25.4,26.3,25.5,25.5,27.4,26,24.5,24.9,24.9,24.9
4:46:31 PM,22.7,26.6,24.8,25.5,26.6,26.2,26.3,27.9,26.8,25.2,25.7,25.5,25.7
5:16:31 PM,23,27,25.1,25.9,26.8,26.3,26.5,28.2,27,25.5,26,25.7,26
5:46:31 PM,22.6,26.5,24.3,25.4,26.5,25.7,25.7,27.6,26.2,24.9,25.4,25.1,25.4
6:16:31 PM,22.4,26.3,24.3,25.2,26.3,25.4,25.5,27.6,26,24.6,25.2,24.9,25.1
6:46:31 PM,22.4,26.3,24.3,25.1,26.3,25.5,25.5,27.6,26.2,24.8,25.2,24.9,25.2
7:16:31 PM,22.4,26.2,24.1,25.1,26.3,25.5,25.7,27.4,26.2,24.9,25.2,24.9,25.2
7:46:31 PM,22.3,26,24,24.9,26.2,25.4,25.5,27.3,26.2,24.8,25.2,24.9,25.2
8:16:31 PM,22.3,26,24,24.9,26.2,25.4,25.5,27.4,26.2,24.8,25.4,25.1,25.2
8:46:31 PM,22.6,26.2,24.3,25.2,26.5,25.7,25.9,27.6,26.6,25.4,26.2,25.7,25.7
9:16:31 PM,22.7,26.3,24.5,25.4,26.6,25.9,26,27.7,26.8,25.4,26.6,26,26
9:46:31 PM,22.9,26.5,24.6,25.5,26.8,25.9,25.9,27.9,27,25.5,26.5,25.9,26
10:16:31 PM,22.6,26.2,24.1,25.1,26.3,25.4,25.7,27.4,26.3,24.9,25.7,25.2,25.5
10:46:31 PM,22.3,26,24,24.9,26.2,25.4,25.5,27.1,26,24.8,25.1,24.8,25.1
11:16:31 PM,22.1,25.9,24,24.8,26.2,25.1,25.2,27.1,25.7,24.5,24.9,24.6,24.8
11:46:31 PM,21.9,25.9,23.8,24.8,26,25.1,25.1,27.1,25.5,24.3,24.8,24.5,24.6
12:16:31 AM,22.4,26,24.1,25.1,26.3,25.4,25.7,27.4,26.3,24.9,25.7,25.1,25.4
12:46:31 AM,22.6,26.2,24.5,25.2,26.5,25.7,25.9,27.6,26.5,25.4,26.5,25.7,25.9
1:16:31 AM,22.7,26.3,24.5,25.4,26.5,25.7,26,27.7,26.8,25.5,26.8,25.9,26
1:46:31 AM,22.9,26.5,24.6,25.5,26.6,25.7,25.9,27.7,26.6,25.4,26.5,25.9,26
2:16:31 AM,22.4,26,24.1,25.1,26.3,25.4,25.5,27.4,26.2,24.9,25.4,25.2,25.4
2:46:31 AM,22.1,26,24,24.8,26.2,25.2,25.4,27.3,25.9,24.6,25.1,24.8,24.9
3:16:31 AM,21.9,25.7,23.8,24.6,26,24.9,25.1,27.1,25.5,24.3,24.9,24.5,24.8
3:46:31 AM,21.9,25.7,23.8,24.8,25.9,24.9,25.1,27,25.4,24.3,24.8,24.5,24.6
4:16:31 AM,22.1,25.9,24,24.9,26,25.1,25.4,27.1,25.9,24.6,25.1,24.6,25.1
4:46:31 AM,21.9,25.7,23.8,24.6,26,25.1,25.4,27.3,25.9,24.6,25.2,24.8,25.1
5:16:31 AM,22.4,26,24.1,24.9,26.2,25.2,25.7,27.4,26.5,25.1,26.2,25.4,25.5
5:46:31 AM,22.6,26,24.3,25.1,26.3,25.4,25.7,27.4,26.3,25.4,26.5,25.7,25.9
6:16:31 AM,22.6,26.2,24.3,25.1,26.3,25.5,25.9,27.6,26.5,25.5,26.6,25.9,26
6:46:31 AM,22.4,26,24.1,25.1,26.3,25.2,25.4,27.4,26,24.9,25.5,25.1,25.4
7:16:31 AM,22.3,26.2,24.1,25.1,26.2,25.2,25.5,27.4,25.9,24.6,25.4,24.9,25.2
7:46:31 AM,22.1,25.9,24,24.8,26,25.2,25.5,27.3,25.9,24.8,25.2,24.9,25.1
8:16:31 AM,21.9,25.7,23.8,24.6,25.9,24.9,25.2,27,25.7,24.5,24.8,24.6,24.8
8:46:31 AM,21.8,25.7,23.8,24.6,25.9,24.8,25.1,27,25.4,24.1,24.6,24.3,24.6
9:16:31 AM,22.3,25.9,24,24.8,26,25.2,25.7,27.4,26.2,24.8,25.5,25.1,25.2
9:46:31 AM,22.4,26,24.3,24.9,26.2,25.4,25.9,27.4,26.3,25.2,26.3,25.5,25.7
10:16:31 AM,22.6,26.2,24.5,25.1,26.3,25.5,26,27.9,26.6,25.4,26.3,25.7,25.9
10:46:31 AM,22.7,26.3,24.5,25.2,26.3,25.7,26.3,27.9,26.8,25.5,26.3,25.7,26
11:16:31 AM,22.3,26.2,24.3,25.1,26.2,25.2,25.5,27.1,25.7,24.6,24.9,24.9,25.1
11:46:31 AM,21.9,25.9,24.1,24.9,25.9,25.1,25.2,27,25.4,24.1,24.8,24.5,24.6
12:16:31 PM,21.9,25.7,24,24.8,25.9,24.9,25.1,27,25.4,24.1,24.6,24.5,24.6
12:46:31 PM,21.9,25.9,24,24.8,25.9,24.9,25.1,26.8,25.2,24.1,24.6,24.3,24.5
1:16:31 PM,22.1,26,24.3,25.1,25.7,25.1,25.2,27,25.4,24.1,24.8,24.5,24.6
1:46:31 PM,22.3,26.2,24.6,25.2,25.9,25.5,25.7,27.3,26,24.6,25.2,24.8,25.1
2:16:31 PM,22.6,26.5,24.9,25.4,26,25.7,25.9,27.4,26.3,24.9,25.7,25.1,25.4
2:46:31 PM,22.7,26.6,25.1,25.7,26.2,25.9,25.9,27.6,26.3,24.9,25.7,25.1,25.4
3:16:31 PM,22.4,26.2,24.5,25.2,25.9,25.2,25.4,27.1,25.7,24.5,25.1,24.6,24.9
3:46:31 PM,22.4,26.3,24.5,25.2,26.2,25.2,25.4,27.3,25.7,24.3,24.9,24.6,24.9
4:16:31 PM,22.4,26.2,24.5,25.1,26,25.2,25.4,27.3,25.7,24.3,24.9,24.6,24.8
4:46:31 PM,22.4,26.3,24.6,25.2,26,25.1,25.2,27.1,25.7,24.3,24.8,24.6,24.8
5:16:31 PM,22.4,26.2,24.6,25.2,26,25.4,25.7,27.1,25.9,24.6,24.9,24.8,25.1
5:46:31 PM,22.9,26.6,25.1,26,26.3,25.7,25.9,27.6,26.5,24.9,25.5,25.1,25.4
6:16:31 PM,23.2,26.8,25.4,26.2,26.3,26,26,27.9,26.6,25.1,25.9,25.4,25.5
6:46:31 PM,22.6,26.8,25.1,25.9,26.3,25.5,25.5,27.4,25.9,24.6,25.1,24.9,25.1
7:16:31 PM,22.4,26.6,24.8,25.7,26.2,25.4,25.5,27.4,25.9,24.5,25.1,24.8,24.9
7:46:31 PM,22.4,26.6,24.6,25.5,26.2,25.4,25.5,27.4,25.9,24.6,25.2,24.8,24.9
8:16:31 PM,22.6,26.6,24.8,25.7,26.2,25.7,25.7,27.4,26.2,24.8,25.2,24.9,25.1
8:46:31 PM,22.4,26.6,24.9,25.7,26.2,25.7,25.7,27.3,26,24.8,25.2,24.9,25.1
9:16:31 PM,22.6,26.6,25.1,25.7,26.2,26,26,27.6,26.5,24.9,25.4,25.1,25.4
9:46:31 PM,23,26.8,25.4,26.2,26.2,26.3,26.3,27.7,26.8,25.4,26.2,25.4,25.7
10:16:31 PM,23.4,27,25.7,26.5,26.3,26.5,26.6,28.1,27,25.5,26.2,25.7,25.9
10:46:31 PM,22.9,26.6,24.9,25.7,26.3,25.7,25.9,27.6,26.2,24.8,25.4,25.1,25.2
11:16:31 PM,22.6,26.5,24.6,25.5,26.3,25.5,25.5,27.4,26,24.5,25.1,24.8,24.9
11:46:31 PM,22.6,26.5,24.6,25.4,26.2,25.5,25.5,27.4,26,24.6,25.1,24.8,24.9
12:16:31 AM,22.6,26.5,24.6,25.4,26.2,25.4,25.5,27.3,25.7,24.5,24.9,24.8,24.9
12:46:31 AM,22.6,26.3,24.6,25.5,26.2,25.5,25.7,27.3,25.9,24.6,25.1,24.8,24.9
1:16:31 AM,22.7,26.5,24.9,25.7,26,26,26.2,27.4,26.5,24.9,25.4,25.2,25.2
1:46:31 AM,23.4,26.8,25.4,26.2,26.3,26.5,26.6,27.9,27.1,25.4,25.9,25.9,25.9
2:16:31 AM,23.4,27,25.4,26.2,26.6,26.3,26.3,27.9,26.8,25.2,25.9,25.7,25.7
2:46:31 AM,22.9,26.6,24.8,25.5,26.5,25.7,25.9,27.6,26.2,24.8,25.2,25.1,25.2
3:16:31 AM,22.6,26.3,24.5,25.4,26.2,25.5,25.5,27.4,25.9,24.5,25.2,24.8,24.9
3:46:31 AM,22.6,26.3,24.5,25.4,26.2,25.4,25.4,27.3,25.9,24.5,24.9,24.8,24.9
4:16:31 AM,22.6,26.2,24.6,25.2,26,25.5,25.5,27.1,25.9,24.5,25.1,24.8,24.9
4:46:31 AM,22.7,26.3,24.8,25.4,26.2,26,26.3,27.6,26.5,24.9,25.2,25.2,25.2
5:16:31 AM,23.2,26.6,25.4,26,26.3,26.5,26.5,27.7,27.1,25.4,26,25.9,25.7
5:46:31 AM,23.2,26.8,25.2,26,26.5,26.2,26.2,27.7,26.6,25.1,25.7,25.5,25.5
6:16:31 AM,22.7,26.3,24.8,25.5,26.2,25.7,25.9,27.3,26.2,24.8,25.1,25.1,25.1
6:46:31 AM,22.6,26.2,24.6,25.2,26,25.4,25.5,27.3,26,24.5,24.9,24.8,24.9
7:16:31 AM,22.4,26,24.3,25.1,25.9,25.2,25.4,27,25.7,24.3,24.8,24.6,24.6
7:46:31 AM,22.3,25.9,24.1,24.9,25.9,25.1,25.1,26.8,25.2,24,24.5,24.5,24.5
8:16:31 AM,22.3,26,24.1,25.1,25.9,25.1,25.2,26.8,25.4,24.1,24.5,24.5,24.6
8:46:31 AM,22.9,26.3,24.8,25.5,26.2,26,26.5,27.4,26.6,25.1,25.4,25.5,25.4
9:16:31 AM,23.2,26.6,25.2,25.9,26.5,26.2,26.2,27.9,26.6,25.2,25.9,25.5,25.7
9:46:31 AM,23.2,26.6,25.2,25.9,26.2,26.2,26.3,27.7,26.6,25.2,25.9,25.5,25.7
10:16:31 AM,22.6,26.2,24.6,25.2,26,25.4,25.4,27.1,25.7,24.5,25.1,24.8,24.9
10:46:31 AM,22.6,26.5,24.1,25.4,26,25.2,25.1,26.8,25.5,24.1,24.5,24.5,24.8
11:16:31 AM,22.4,26.3,24,25.2,25.9,24.9,24.9,26.6,25.2,24,24.3,24.5,24.6
11:46:31 AM,22.6,26.6,24.3,25.5,26,25.2,25.1,26.8,25.5,24.1,24.3,24.6,24.8
12:16:31 PM,22.6,26.6,24.3,25.5,26.2,25.2,25.1,26.8,25.4,24.3,24.3,24.6,24.8
12:46:31 PM,22.9,26.8,24.6,25.7,26.5,25.4,25.4,27.1,25.7,24.5,24.5,24.8,24.9
1:16:31 PM,23,27,24.8,25.9,26.6,25.5,25.5,27.3,25.9,24.6,24.6,24.8,25.1
1:46:31 PM,23.2,27,24.8,26,26.8,25.5,25.5,27.3,26,24.6,24.5,24.9,25.1
2:16:31 PM,22.9,26.6,24.5,25.7,26,25.2,25.2,27,25.5,24.5,24.5,24.6,24.9
2:46:31 PM,22.7,26.5,24.1,25.5,25.9,24.9,25.1,26.6,25.4,24.1,24.3,24.5,24.8
3:16:31 PM,22.7,26.5,24.3,25.5,26,25.1,25.1,27,25.5,24.3,24.3,24.5,24.8
3:46:31 PM,22.7,26.3,24.1,25.4,25.9,24.9,25.1,26.6,25.4,24.1,24.1,24.5,24.8
4:16:31 PM,22.7,26.3,24.1,25.4,25.9,24.9,25.1,26.8,25.2,24.1,24.3,24.5,24.8
4:46:31 PM,22.9,26.5,24.3,25.7,25.9,24.9,25.1,26.6,25.2,24.1,24.3,24.5,24.8
5:16:31 PM,23.4,27,24.9,26,26.6,25.5,25.7,27.3,25.9,24.8,24.6,24.9,25.2
5:46:31 PM,23.7,27.1,25.1,26.2,27.1,26,26,27.7,26.5,24.9,24.8,25.2,25.5
6:16:31 PM,23.8,27.4,25.2,26.5,27.1,26,26.2,27.9,26.5,25.1,24.9,25.5,25.7
6:46:31 PM,23.4,27,24.8,26,26.5,25.4,25.5,27.1,25.9,24.6,24.6,25.1,25.2
7:16:31 PM,23.2,26.6,24.5,25.7,26.2,25.2,25.2,27,25.5,24.5,24.5,24.8,24.9
7:46:31 PM,23.2,26.5,24.5,25.5,26.2,25.1,25.2,27.1,25.7,24.3,24.5,24.6,24.9
8:16:31 PM,23,26.5,24.3,25.5,26,25.1,25.1,26.6,25.4,24.1,24.3,24.5,24.8
8:46:32 PM,23,26.5,24.3,25.5,25.9,25.1,25.2,26.6,25.4,24.1,24.1,24.5,24.8
9:16:32 PM,23.5,26.8,24.9,25.9,26.6,25.5,25.7,27.4,26,24.8,24.6,25.1,25.2
9:46:32 PM,23.8,27.1,25.1,26.2,27,25.9,26,27.6,26.3,24.9,24.9,25.2,25.5
10:16:32 PM,24,27.3,25.2,26.3,27,25.9,26,27.6,26.3,25.1,24.9,25.4,25.5
10:46:32 PM,23.5,26.8,24.8,25.9,26.5,25.4,25.5,27.1,25.9,24.6,24.6,24.9,25.1
11:16:32 PM,23.5,26.6,24.6,25.7,26.3,25.2,25.4,27.1,25.7,24.5,24.5,24.8,24.9
11:46:32 PM,23.4,26.5,24.5,25.5,26.2,25.1,25.2,27,25.5,24.3,24.3,24.6,24.9
12:16:32 AM,23.4,26.5,24.5,25.4,26.2,25.1,25.2,26.8,25.5,24.3,24.3,24.6,24.8
12:46:32 AM,23.4,26.5,24.5,25.5,26.3,25.1,25.2,27,25.7,24.3,24.3,24.6,24.9
1:16:32 AM,23.7,27,24.9,25.9,26.8,25.5,25.7,27.4,26.2,24.8,24.6,25.1,25.2
1:46:32 AM,24,27.1,25.1,26.2,27,25.7,25.9,27.6,26.3,24.9,24.9,25.4,25.5
2:16:32 AM,23.5,26.6,24.6,25.7,26.3,25.2,25.4,27,25.7,24.5,24.5,24.8,25.1
2:46:32 AM,23.4,26.5,24.3,25.4,26,24.9,25.1,26.8,25.4,24.1,24.3,24.6,24.8
3:16:32 AM,23.2,26.3,24.3,25.4,25.9,24.9,25.1,26.6,25.2,24.1,24.3,24.5,24.6
3:46:32 AM,23,26.2,24.1,25.2,25.7,24.8,24.9,26.5,25.1,24,24.1,24.3,24.5
4:16:32 AM,23.5,26.6,24.8,25.7,26.3,25.2,25.5,27.1,25.9,24.6,24.8,24.9,25.1
4:46:32 AM,23.8,27,24.9,26,26.8,25.5,25.7,27.6,26.2,24.8,24.9,25.2,25.2
5:16:32 AM,24,27.1,25.1,26.2,26.8,25.7,25.9,27.6,26.2,24.9,25.1,25.2,25.4
5:46:32 AM,23.7,26.8,24.6,25.7,26.2,25.2,25.4,27,25.7,24.5,24.6,24.8,25.1
6:16:32 AM,23.4,26.5,24.3,25.4,26,24.9,25.1,26.8,25.4,24.1,24.5,24.5,24.8
6:46:32 AM,23.2,26.3,24,25.2,25.7,24.8,24.9,26.6,25.2,24,24.3,24.3,24.5
7:16:32 AM,23.2,26.2,24.1,25.2,25.7,24.8,24.9,26.6,25.2,24,24.3,24.3,24.6
7:46:32 AM,23.5,26.5,24.5,25.5,26.2,25.1,25.2,27,25.5,24.3,24.5,24.8,24.9
8:16:32 AM,23.8,27,24.8,25.9,26.6,25.4,25.7,27.4,26,24.6,24.8,25.1,25.2
8:46:32 AM,24,27.1,25.1,26,26.8,25.5,25.9,27.6,26.2,24.8,24.8,25.2,25.4
9:16:32 AM,23.5,26.6,24.5,25.5,26.2,25.1,25.2,27,25.5,24.3,24.5,24.6,24.9
9:46:32 AM,23.2,26.5,24.3,25.5,26,25.1,25.2,27,25.4,24.3,24.5,24.6,24.8
10:16:32 AM,23.2,26.6,24.5,25.5,26.2,25.4,25.2,27,25.5,24.5,24.3,24.8,24.9
10:46:32 AM,23.4,27,24.8,25.9,26.6,25.5,25.7,27.4,25.9,24.6,24.9,24.9,25.2
11:16:32 AM,23.4,27,24.8,25.9,26.6,25.7,25.7,27.4,25.9,24.8,24.9,24.8,25.2
11:46:32 AM,23.7,27.3,25.2,26.3,27.1,26.2,26.2,27.9,26.3,25.1,25.2,25.2,25.7
12:16:32 PM,24,27.6,25.4,26.5,27.4,26.5,26.2,28.2,26.5,25.2,25.2,25.4,25.7
12:46:32 PM,24,27.6,25.4,26.6,27.3,26.5,26.3,28.1,26.5,25.4,25.5,25.5,26
1:16:32 PM,23.5,27,24.8,26,26.5,25.7,25.7,27.1,25.7,24.8,25.1,24.9,25.4
1:46:32 PM,23.2,26.8,24.6,25.7,26.3,25.5,25.4,27,25.5,24.6,24.8,24.8,25.2
2:16:32 PM,23.2,26.6,24.6,25.7,26.3,25.5,25.4,27,25.5,24.6,24.8,24.8,25.2
2:46:32 PM,23.2,26.6,24.6,25.7,26.3,25.5,25.4,27.1,25.5,24.6,24.9,24.9,25.2
3:16:32 PM,23.4,27,24.8,25.9,26.3,25.7,25.7,26.5,25.7,24.8,24.9,24.9,25.4
3:46:32 PM,23.4,27,24.9,25.9,26.6,25.9,25.7,27.1,25.9,24.9,24.9,24.9,25.4
4:16:32 PM,23.7,27.4,25.1,26.3,27.1,26.2,26,27.7,26.3,25.1,25.4,25.2,25.9
4:46:32 PM,24,27.3,25.4,26.3,27,26,26.3,27.9,26.6,25.5,25.9,25.5,26.2
5:16:32 PM,24,27.4,25.4,26.3,27.1,24.3,26.3,27.9,26.5,25.4,25.9,25.5,26.2
5:46:32 PM,23.4,26.6,24.8,25.7,26.5,25.4,25.5,27.6,25.9,24.9,25.4,24.9,25.5
6:16:32 PM,23.8,26.6,24.5,25.4,26.3,25.5,25.4,27.3,25.5,24.8,25.1,24.8,25.2
6:46:32 PM,23.7,26.6,24.3,25.1,26.6,25.5,25.1,27.4,25.5,24.9,25.2,24.5,25.1
7:16:32 PM,23.4,26.6,24.1,25.1,26.6,25.5,25.1,27.4,25.7,24.8,25.1,24.5,24.9
7:46:32 PM,23.7,26.8,24.8,25.7,26.3,26.3,25.7,27.9,26.3,25.2,25.7,25.1,25.5
8:16:32 PM,23.7,27,24.9,26,26.5,26.5,26,27.9,26.5,25.4,25.9,25.2,25.7
8:46:32 PM,23.8,27.1,25.1,26,26.6,26.5,26.2,27.9,26.5,25.5,25.9,25.2,25.7
9:16:32 PM,23.2,26.5,24.5,25.4,26.2,25.9,25.4,27.4,25.9,24.8,25.2,24.8,25.2
9:46:32 PM,22.9,26.5,24.1,25.1,26.3,25.7,25.1,27.3,25.4,24.5,24.9,24.5,24.9
10:16:32 PM,22.9,26.5,24.1,25.1,26.2,25.7,25.2,27.1,25.4,24.6,24.9,24.5,24.9
10:46:32 PM,22.9,26.3,24.1,25.1,26.2,25.5,25.2,27.1,25.4,24.5,24.9,24.5,24.9
11:16:32 PM,23.2,26.3,24.6,25.4,26.2,26.2,25.7,27.6,25.9,24.9,25.4,25.1,25.4
11:46:32 PM,23.7,26.8,25.2,25.9,26.6,26.8,26.5,27.9,26.6,25.7,25.9,25.7,26.2
12:16:32 AM,23.7,27,25.1,26,26.8,26.6,26.2,28.1,26.5,25.5,26,25.5,26
12:46:32 AM,23.4,26.6,24.6,25.5,26.6,26,25.7,27.7,25.9,25.1,25.4,24.9,25.4
1:16:32 AM,23,26.5,24.5,25.2,26.2,25.9,25.5,27.3,25.5,24.8,25.1,24.8,25.1
1:46:32 AM,22.9,26.3,24.3,25.2,26,25.7,25.2,27.1,25.4,24.6,24.9,24.6,25.1
2:16:32 AM,22.7,26.2,24.3,25.1,25.9,25.7,25.4,27.1,25.4,24.6,24.9,24.6,25.1
2:46:32 AM,22.9,26.3,24.5,25.1,26,25.9,25.4,27.4,25.7,24.9,25.4,24.8,25.4
3:16:32 AM,23.2,26.5,24.8,25.4,26.5,26.2,25.9,27.9,26.2,25.1,25.7,25.2,25.9
3:46:32 AM,23.4,26.3,24.8,25.4,26.8,26,25.9,28.1,26.2,25.2,25.9,25.4,26
4:16:32 AM,22.7,26.2,24.3,25.1,26.2,25.5,25.2,27.4,25.5,24.8,25.1,24.6,25.1
4:46:32 AM,22.4,26,24,24.9,26,25.4,25.1,27,25.1,24.3,24.6,24.3,24.8
5:16:32 AM,22.3,26,23.8,24.8,25.9,25.1,24.9,26.6,24.9,24.1,24.3,24.1,24.6
5:46:32 AM,22.4,26,24,24.8,25.9,25.2,24.9,27,25.1,24.3,24.6,24.3,24.8
6:16:32 AM,22.4,26,24.1,24.9,26,25.4,25.1,27.1,25.2,24.5,24.9,24.5,25.1
6:46:32 AM,22.4,25.7,24,24.6,25.9,25.4,25.2,27.1,25.2,24.5,25.2,24.6,25.1
7:16:32 AM,22.7,25.9,24.1,24.8,26.2,25.5,25.5,27.4,25.7,24.8,25.7,25.1,25.5
7:46:32 AM,22.9,26,24.5,24.9,26.2,25.7,25.5,27.7,25.9,25.1,26,25.1,25.7
8:16:32 AM,22.9,26,24.5,24.9,26.3,25.7,25.7,27.9,26,25.1,26,25.2,25.9
8:46:32 AM,22.4,25.9,24,24.8,25.9,25.2,25.1,27.1,25.2,24.5,24.9,24.5,25.1
9:16:32 AM,22.1,25.9,23.8,24.6,25.7,25.1,24.8,26.6,24.9,24.1,24.6,24.1,24.8
9:46:32 AM,22.3,25.9,23.8,24.6,25.9,25.1,24.9,27,25.1,24.1,24.6,24.3,24.8
10:16:32 AM,22.3,25.7,24,24.6,25.7,25.1,25.2,27.1,25.2,24.5,25.2,24.5,25.1
10:46:32 AM,22.3,25.7,24.1,24.8,25.9,25.2,25.2,27,25.2,24.6,24.9,24.5,25.1
11:16:32 AM,22.6,25.7,24.3,24.8,26,25.5,25.5,27.7,25.7,24.9,25.9,25.1,25.5
11:46:32 AM,22.9,26,24.6,25.1,26.2,25.7,25.9,27.9,26,25.2,25.9,25.2,25.9
12:16:32 PM,22.6,26,24.3,25.1,26.2,25.4,25.2,27.3,25.2,24.6,25.1,24.6,25.1
12:46:32 PM,22.3,25.9,24.3,25.4,25.9,25.2,25.2,27.3,25.2,24.5,25.1,24.6,25.1
1:16:32 PM,22.3,25.7,24.1,25.4,25.7,25.2,25.1,27,25.2,24.3,24.9,24.5,24.8
1:46:32 PM,22.3,25.5,24.3,25.2,25.5,25.5,25.2,27,25.4,24.5,24.9,24.6,24.9
2:16:32 PM,22.7,26,24.6,25.7,25.7,25.7,25.5,27.3,25.7,24.9,25.4,25.1,25.4
2:46:32 PM,23.2,26.2,25.1,26,26.3,26.2,26,28.1,26,25.2,26,25.4,25.9
3:16:32 PM,22.9,26,24.6,25.7,26.3,25.7,25.7,27.6,25.5,24.8,25.4,24.9,25.4
3:46:32 PM,22.4,25.4,24.1,25.2,26,25.1,25.1,27,24.9,24.3,24.8,24.3,24.8
4:16:32 PM,22.3,25.4,24.1,25.1,25.9,25.4,25.1,27.1,24.9,24.3,24.8,24.3,24.8
4:46:32 PM,22.1,25.7,24,25.2,26,25.5,25.1,27.1,25.1,24.3,24.6,24.5,24.8
5:16:32 PM,22.1,25.7,24.1,25.2,26.2,25.9,25.2,27.1,25.2,24.5,24.8,24.5,24.9
5:46:32 PM,22.7,26.8,24.9,26.2,26.5,26.6,26,28.1,26.2,25.2,25.5,25.4,25.7
6:16:32 PM,23,26.8,25.2,26.5,26.6,27.1,26.3,28.2,26.6,25.7,25.9,25.7,26
6:46:32 PM,23,26.8,25.1,26.3,26.8,27.1,26.2,28.1,26.5,25.5,25.7,25.5,26
7:16:32 PM,22.7,26.3,24.6,26,26.6,26.6,25.9,27.9,26,25.1,25.4,25.1,25.5
7:46:32 PM,22.6,26.2,24.3,25.7,26.5,26.3,25.5,27.6,25.7,24.8,25.1,24.8,25.2
8:16:32 PM,22.4,26.2,24.3,25.5,26.3,26.2,25.4,27.3,25.7,24.8,24.9,24.8,25.2
8:46:32 PM,22.4,26.3,24.3,25.5,26.3,26.2,25.4,27.4,25.5,24.8,24.9,24.8,25.1
9:16:32 PM,22.7,26.5,24.6,25.9,26.2,26.5,25.9,27.9,26,25.2,25.5,25.1,25.5
9:46:32 PM,23,26.6,25.1,26.3,26.3,26.8,26.2,28.1,26.3,25.5,25.9,25.4,25.9
10:16:32 PM,22.9,26.5,24.8,26,26.6,26.6,25.9,27.9,26,25.2,25.5,25.2,25.7
10:46:32 PM,22.6,26.2,24.3,25.7,26.3,26.3,25.5,27.6,25.7,24.9,25.2,24.9,25.2
11:16:32 PM,22.6,26,24.3,25.5,26.2,26.2,25.4,27.6,25.7,25.1,25.1,24.8,25.2
11:46:32 PM,22.3,25.9,24.1,25.4,25.9,26,25.2,27.1,25.5,24.8,24.9,24.6,25.1
12:16:32 AM,22.6,26,24.3,25.5,26.3,26.3,25.5,27.7,25.9,24.9,25.4,24.9,25.5
12:46:32 AM,22.7,25.9,24.5,25.7,26.6,26.3,25.7,27.9,26.2,25.2,25.9,25.2,25.9
1:16:32 AM,22.9,25.9,24.6,25.7,26.8,26.3,25.7,28.1,26.2,25.2,25.7,25.4,25.9
1:46:32 AM,22.3,25.5,24.1,25.2,26.3,25.9,25.2,27.4,25.5,24.6,25.1,24.8,25.2
2:16:32 AM,22.1,25.5,23.8,25.1,26,25.5,24.9,27.1,25.2,24.3,24.6,24.5,24.8
2:46:32 AM,22.1,25.5,24,25.1,26,25.7,25.1,27.1,25.2,24.5,24.8,24.5,24.9
3:16:32 AM,22.3,25.5,24,25.2,26.2,25.9,25.2,27.4,25.7,24.8,25.1,24.8,25.4
3:46:32 AM,22.4,25.4,24.1,25.2,26.3,25.9,25.2,27.6,25.7,24.9,25.5,24.9,25.5
4:16:32 AM,22.4,25.4,24.3,25.2,26.3,25.9,25.4,27.6,25.9,24.9,25.7,25.1,25.7
4:46:32 AM,22.6,25.5,24.3,25.4,26.2,26,25.4,27.6,25.9,25.1,25.5,25.1,25.7
5:16:32 AM,22.1,25.2,24,25.1,26.2,25.7,25.1,27.3,25.4,24.5,25.1,24.6,25.1
5:46:32 AM,21.9,25.4,23.7,24.9,26,25.5,24.9,27,25.1,24.3,24.8,24.3,24.8
6:16:32 AM,21.9,25.2,23.7,24.9,26,25.5,24.9,27,25.1,24.3,24.8,24.3,24.8
6:46:32 AM,22.1,25.2,23.8,25.1,26,25.5,25.1,27.1,25.4,24.6,25.1,24.6,25.1
7:16:32 AM,22.1,25.2,23.8,25.1,26.2,25.5,25.1,27.4,25.5,24.8,25.5,24.9,25.4
7:46:32 AM,22.3,25.4,24.1,25.2,26.2,25.9,25.4,27.6,25.9,25.1,26,25.2,25.7
8:16:32 AM,22.6,25.4,24.3,25.2,26.3,25.9,25.5,27.7,26.2,25.2,26,25.4,25.9
8:46:32 AM,22.1,25.4,24,25.1,25.9,25.7,25.1,27.1,25.2,24.6,25.1,24.6,25.1
9:16:32 AM,21.9,25.4,23.7,24.9,25.9,25.5,24.9,26.8,25.1,24.3,24.6,24.3,24.8
9:46:32 AM,22.1,25.4,24,25.2,26,25.7,25.1,27.1,25.4,24.6,25.1,24.6,25.1
10:16:32 AM,21.9,25.5,24,25.1,25.7,25.7,25.1,27,25.2,24.5,24.8,24.5,24.9
10:46:32 AM,21.8,25.5,23.8,25.1,25.7,25.5,24.9,27,24.9,24.1,24.5,24.3,24.8
11:16:32 AM,21.9,25.7,24.1,25.2,25.9,25.7,25.1,27.1,25.2,24.5,24.8,24.5,24.9
11:46:32 AM,21.9,25.7,24.1,25.2,25.9,25.9,25.1,27.1,25.2,24.5,24.9,24.5,25.1
12:16:32 PM,22.1,25.9,24.3,25.4,25.7,26,25.2,27.3,25.4,24.6,25.1,24.6,25.1
12:46:32 PM,22.3,26.2,24.5,25.5,25.7,26.2,25.5,27.3,25.7,24.8,25.2,24.9,25.4
1:16:32 PM,22.3,26.2,24.5,25.5,26,26,25.4,27.3,25.4,24.6,25.1,24.6,25.1
1:46:32 PM,22.1,26,24.3,25.4,25.9,25.7,25.2,27,25.1,24.5,24.8,24.5,24.9
2:16:32 PM,22.1,25.9,24.3,25.4,25.9,25.9,25.4,27.1,25.2,24.6,24.8,24.6,25.1
2:46:32 PM,22.1,25.9,24.3,25.4,26,25.7,25.2,27.3,25.2,24.5,24.9,24.6,25.1
3:16:32 PM,22.1,25.9,24.3,25.5,26.2,25.7,25.4,27.1,25.4,24.5,24.9,24.6,25.1
3:46:32 PM,22.7,26.3,24.9,26,26.3,26.3,25.9,27.4,25.9,25.1,25.4,25.1,25.7
4:16:32 PM,22.9,26.6,25.1,26.2,26.6,26.5,26,27.9,26,25.2,25.5,25.2,25.7
4:46:32 PM,22.4,26,24.5,25.7,26.2,26,25.5,27.3,25.4,24.6,25.1,24.6,25.2
5:16:32 PM,22.3,25.9,24.3,25.4,26,25.9,25.2,27,25.2,24.5,24.6,24.5,24.9
5:46:32 PM,22.1,25.7,24.1,25.2,26,25.9,25.1,26.8,25.1,24.3,24.6,24.5,24.9
6:16:32 PM,22.1,25.7,24.1,25.2,26,26,25.2,27,25.1,24.5,24.6,24.5,24.9
6:46:32 PM,22.7,26.2,24.8,25.9,26.2,26.5,25.9,27.6,25.7,24.9,25.4,25.1,25.4
7:16:32 PM,23,26.5,25.2,26.3,26.5,26.6,26.2,27.7,26,25.2,25.7,25.2,25.7
7:46:32 PM,23.2,26.5,25.2,26.3,26.5,26.8,26.2,27.7,26,25.2,25.7,25.2,25.9
8:16:32 PM,22.7,26,24.8,25.9,26.2,26.3,25.7,27.4,25.5,24.8,25.2,24.9,25.4
8:46:32 PM,22.4,25.7,24.3,25.4,26,25.9,25.4,27.1,25.2,24.6,24.9,24.5,25.1
9:16:32 PM,22.3,25.5,24.1,25.2,25.9,25.5,25.1,27,24.9,24.3,24.6,24.3,24.8
9:46:32 PM,22.1,25.5,24,25.1,25.7,25.4,25.1,26.6,24.8,24.1,24.5,24.1,24.6
10:16:32 PM,22.9,26.2,24.9,25.9,26,26.2,25.9,27.6,25.9,25.1,25.5,25.1,25.5
10:46:32 PM,22.9,26.2,24.8,25.9,26,26.2,25.9,27.6,25.7,24.9,25.5,25.1,25.4
11:16:32 PM,23.4,26.5,25.2,26.2,26.3,26.6,26.2,27.7,26.3,25.5,26,25.5,26.2
11:46:32 PM,22.6,25.7,24.1,25.4,26,25.7,25.2,27.1,25.2,24.5,24.9,24.6,25.1
12:16:32 AM,22.3,25.4,24,25.1,25.9,25.4,24.9,27,24.9,24.1,24.6,24.1,24.6
12:46:32 AM,22.1,25.2,23.8,24.9,25.5,25.2,24.9,26.6,24.8,24,24.5,24.1,24.6
1:16:32 AM,22.1,25.2,23.7,24.9,25.5,25.1,24.8,26.5,24.6,24,24.3,24,24.5
1:46:32 AM,22.1,25.4,23.8,24.9,25.5,25.1,24.8,26.6,24.6,24,24.5,24,24.5
2:16:32 AM,22.6,25.7,24.5,25.4,25.7,25.7,25.4,27.3,25.4,24.6,25.2,24.8,25.2
2:46:32 AM,22.9,25.9,24.8,25.5,26.2,26,25.7,27.7,25.9,25.1,25.7,25.2,25.7
3:16:32 AM,23,25.9,24.9,25.9,26.3,26.2,25.9,28.1,26,25.4,26,25.4,25.9
3:46:32 AM,22.4,25.5,24.1,25.2,25.9,25.4,25.1,27.1,25.1,24.5,24.9,24.5,24.9
4:16:32 AM,22.1,25.2,23.8,24.9,25.5,25.1,24.8,26.8,24.6,24,24.6,24,24.5
4:46:32 AM,21.9,25.1,23.7,24.8,25.5,25.1,24.8,26.5,24.5,24,24.3,24,24.5
5:16:32 AM,22.1,25.2,23.8,24.9,25.4,25.2,24.8,26.6,24.6,24,24.5,24,24.5
5:46:32 AM,22.4,25.4,24.1,25.1,25.7,25.5,25.2,27.3,25.4,24.6,25.2,24.6,25.1
6:16:32 AM,22.7,25.4,24.5,25.4,26,25.7,25.4,27.6,25.5,24.9,25.5,24.9,25.4
6:46:32 AM,22.9,25.5,24.5,25.4,26.2,25.9,25.5,27.7,25.7,25.1,25.9,25.1,25.7
7:16:32 AM,22.3,25.2,24,25.1,25.5,25.4,25.1,27,24.9,24.3,24.9,24.3,24.8
7:46:32 AM,21.9,25.2,23.8,24.8,25.4,25.2,24.9,26.6,24.6,24,24.6,24,24.5
8:16:32 AM,21.8,25.1,23.5,24.6,25.4,24.9,24.6,26.5,24.5,23.8,24.5,23.8,24.3
8:46:32 AM,21.8,25.1,23.5,24.6,25.4,24.9,24.5,26.5,24.3,23.7,24.3,23.7,24.1
9:16:32 AM,21.9,25.4,23.8,25.1,25.4,25.5,24.9,27,25.2,24.3,24.9,24.5,24.9
9:46:32 AM,22.3,26,24.5,25.5,25.7,26,25.5,27.3,25.7,24.8,25.2,24.8,25.2
10:16:32 AM,22.3,26.3,24.8,26.2,25.9,26.3,26,27.4,26.2,25.1,25.4,25.1,25.5
10:46:32 AM,22.4,26.6,24.8,26.3,25.9,26.3,26,27.7,26.2,24.9,25.5,25.1,25.5
11:16:32 AM,22.1,26.3,24.5,26,25.9,26,25.9,27.4,25.7,24.6,25.1,24.8,25.1
11:46:32 AM,21.9,26.3,24.1,25.7,25.9,25.7,25.5,27.3,25.2,24.5,24.8,24.5,24.9
12:16:32 PM,21.9,26.3,24.1,25.7,25.9,25.7,25.4,27.1,25.2,24.3,24.6,24.5,24.8
12:46:32 PM,21.9,26.3,24.1,25.7,25.9,25.5,25.2,26.8,25.5,24.1,24.6,24.5,24.6
1:16:32 PM,21.9,26.3,24.5,25.9,25.9,25.7,25.4,27,25.7,24.3,24.5,24.5,24.8
1:46:32 PM,22.4,26.5,25.1,26.3,25.9,26.2,26.2,27.4,26.5,24.9,25.4,25.1,25.4
2:16:32 PM,22.7,26.8,25.2,26.8,26,26.3,26.3,27.7,27,25.2,25.9,25.4,25.5
2:46:32 PM,22.9,27,25.4,27,26.3,26.6,26.5,27.9,27.1,25.4,25.9,25.5,25.7
3:16:32 PM,22.4,26.6,24.8,26.3,26.2,25.9,25.9,27.3,26,24.8,24.9,24.9,25.1
3:46:32 PM,22.3,26.5,24.6,26,26,25.9,25.7,27.3,26,24.6,24.8,24.8,24.9
4:16:32 PM,22.4,26.5,24.8,26.2,26.2,26,25.7,27.3,26.3,24.8,24.9,25.1,25.1
4:46:32 PM,22.4,26.5,24.9,26.2,26.2,26,25.9,27.4,26.3,24.8,25.2,25.1,25.1
5:16:32 PM,22.6,26.5,25.1,26.3,26.2,26.2,26,27.4,26.5,24.9,25.2,25.1,25.2
5:46:32 PM,23,27,25.5,27,26.5,26.6,26.3,27.9,27,25.4,25.9,25.5,25.7
6:16:32 PM,23.4,27.1,25.7,27.1,26.8,26.8,26.6,28.1,27.3,25.5,26,25.7,25.9
6:46:32 PM,22.7,26.6,24.9,26.3,26.3,26.2,25.9,27.4,26.3,24.9,25.1,25.1,25.1
7:16:32 PM,22.4,26.5,24.6,26.2,26,25.9,25.7,27.1,26,24.6,24.8,24.8,24.9
7:46:32 PM,22.4,26.3,24.5,25.9,26,25.9,25.5,27.1,26,24.5,24.9,24.8,24.8
8:16:32 PM,22.3,26.3,24.5,25.9,26,25.5,25.4,27.1,25.9,24.3,24.6,24.6,24.6
8:46:32 PM,22.6,26.5,24.8,26.2,26,25.9,25.7,27.1,25.9,24.5,24.8,24.8,24.9
9:16:32 PM,22.9,26.6,25.2,26.6,26.2,26.2,26,27.6,26.5,24.9,25.4,25.1,25.2
9:46:32 PM,23,26.8,25.4,26.8,26.2,26.3,26.2,27.7,26.8,25.1,25.9,25.4,25.5
10:16:32 PM,23.2,27.1,25.4,26.8,26.5,26.3,26.2,27.7,26.6,25.1,25.7,25.4,25.5
10:46:32 PM,22.7,26.5,24.8,26.2,26,25.9,25.7,27.3,26,24.6,25.1,24.9,24.9
11:16:32 PM,22.4,26.2,24.5,25.9,25.9,25.5,25.4,27,25.9,24.3,24.8,24.6,24.8
11:46:32 PM,22.3,26.3,24.3,25.7,25.9,25.4,25.2,26.8,25.5,24.1,24.5,24.5,24.6
12:16:32 AM,22.4,26.3,24.3,25.9,25.7,25.4,25.2,26.8,25.4,24.1,24.6,24.5,24.6
12:46:32 AM,22.9,26.5,25.1,26.3,25.9,26,26,27.4,26.5,25.1,25.5,25.1,25.2
1:16:32 AM,23.4,26.6,25.4,26.8,26.3,26.6,26.6,27.9,27.1,25.9,26,25.7,25.9
1:46:32 AM,23,26.6,25.2,26.6,26.2,26.3,26.2,27.6,26.6,25.2,25.7,25.2,25.5
2:16:32 AM,22.6,26.3,24.6,26,25.7,25.7,25.7,27.1,26,24.5,25.1,24.8,24.9
2:46:32 AM,22.4,26.2,24.3,25.9,25.7,25.4,25.4,27,25.7,24.3,24.6,24.5,24.6
3:16:32 AM,22.3,26.2,24.1,25.7,25.5,25.2,25.1,26.8,25.4,24,24.5,24.3,24.5
3:46:32 AM,22.1,26,24,25.5,25.5,25.1,25.1,26.6,25.1,24,24.3,24.1,24.3
4:16:32 AM,22.3,26,24.3,25.9,25.5,25.4,25.4,27,25.7,24.1,24.8,24.5,24.6
4:46:32 AM,22.6,26.2,24.6,26,25.7,25.9,26,27.3,26.3,25.1,25.5,24.8,25.1
5:16:32 AM,22.7,26.2,24.8,26,26,25.9,26,27.6,26.5,25.5,25.5,25.1,25.4
5:46:32 AM,22.9,26.2,24.8,26,26,25.9,26,27.7,27,25.7,26,25.2,25.5
6:16:32 AM,22.3,25.9,24.3,25.7,25.5,25.4,25.4,27,25.9,24.5,24.9,24.6,24.8
6:46:33 AM,22.1,25.9,24,25.4,25.5,25.1,25.1,26.8,25.4,24.1,24.5,24.3,24.5
7:16:33 AM,22.1,25.9,24,25.4,25.5,25.1,25.2,26.6,25.4,24.3,24.6,24.3,24.5
7:46:33 AM,22.3,25.5,24.1,25.4,25.7,25.2,25.4,27.1,25.9,24.8,25.4,24.8,25.1
8:16:33 AM,22.4,25.7,24.3,25.5,25.7,25.4,25.5,27.3,26,25.1,25.5,25.1,25.2
8:46:33 AM,22.6,25.7,24.3,25.7,25.9,25.4,25.5,27.1,25.7,25.1,26.2,25.7,25.9
9:16:33 AM,22.4,25.7,24.1,25.5,25.7,25.2,25.2,27,25.7,24.6,25.4,25.1,25.1
9:46:33 AM,22.3,25.5,24.1,25.5,25.5,25.1,25.2,27,25.5,24.8,25.5,25.1,25.2
10:16:33 AM,21.9,25.5,24,25.4,25.4,25.1,25.2,26.8,25.5,24.6,24.8,24.5,24.6
10:46:33 AM,21.9,25.5,24,25.2,25.4,24.9,25.1,26.6,25.4,24.3,24.6,24.3,24.5
11:16:33 AM,22.3,25.9,24.1,25.5,25.7,25.4,25.5,27.1,26.2,24.9,25.5,25.1,25.2
11:46:33 AM,22.4,26.2,24.6,26,26.2,25.9,25.9,27.4,26.8,25.5,25.9,25.2,25.5
12:16:33 PM,22.6,26.3,24.9,26.3,26.3,26.2,26.2,27.7,27,25.9,26.2,25.5,25.7
12:46:33 PM,22.1,26.3,24.5,26,26,25.7,25.5,27.3,26.2,24.8,25.1,24.9,24.9
1:16:33 PM,22.1,26,24.3,25.9,25.9,25.5,25.5,27,25.9,24.5,24.8,24.6,24.8
1:46:33 PM,22.1,26.2,24.3,25.9,26,25.7,25.5,27,25.9,24.6,24.8,24.6,24.8
2:16:33 PM,22.4,26.2,24.3,25.9,25.9,25.5,25.5,27.1,25.9,24.5,24.6,24.6,24.8
2:46:33 PM,22.9,26.3,24.3,25.9,25.9,25.7,25.5,27.1,26,24.5,24.8,24.6,24.8
3:16:33 PM,23.2,26.3,24.5,26,25.9,25.9,25.7,27.1,26,24.8,24.9,24.8,24.9
3:46:33 PM,23.4,26.3,24.5,25.9,26,25.7,25.7,27,25.9,24.6,24.9,24.8,24.9
4:16:33 PM,23.7,26.2,24.3,25.9,26,25.9,25.7,27.3,26.2,24.8,24.8,24.8,24.9
4:46:33 PM,23.5,26.3,24.3,25.9,25.9,25.7,25.5,27,26,24.6,24.8,24.6,24.8
5:16:33 PM,22.9,26.6,24.6,25.9,26.2,25.5,25.4,27,25.9,24.6,24.8,24.5,24.6
5:46:33 PM,22.6,26.6,24.8,26.2,26.5,25.7,25.5,27.3,26.2,24.9,25.1,24.5,24.8
6:16:33 PM,22.3,26.6,24.6,26,26.5,25.7,25.5,27.4,26.3,24.8,25.1,24.5,24.6
6:46:33 PM,22.3,26.6,24.6,26,26.3,25.7,25.5,27.3,26.2,24.8,25.1,24.5,24.6
7:16:33 PM,22.3,26.6,24.6,26,26.3,25.7,25.5,27.3,26.2,24.8,25.1,24.6,24.8
7:46:33 PM,22.3,26.6,24.6,26.2,26.2,25.9,25.5,27.3,26.3,24.8,24.9,24.6,24.8
8:16:33 PM,22.3,26.5,24.6,26.2,26.2,25.7,25.7,27.3,26.3,24.8,25.1,24.6,24.8
8:46:33 PM,22.6,26.6,24.9,26.3,26.2,26,26,27.6,26.6,25.2,25.7,24.9,25.2
9:16:33 PM,22.9,27,25.2,26.8,26.3,26.5,26.3,28.1,27.1,25.5,26.2,25.4,25.7
9:46:33 PM,23,27,25.4,26.8,26.6,26.5,26.3,28.2,27.3,25.7,26.3,25.5,25.9
10:16:33 PM,22.6,26.5,24.8,26.2,26,26,25.9,27.4,26.3,25.1,25.4,24.9,25.1
10:46:33 PM,22.3,26.3,24.5,25.9,26,25.7,25.5,27.3,26.2,24.8,25.1,24.6,24.9
11:16:33 PM,22.1,26.2,24.3,25.7,25.7,25.5,25.4,27.1,26,24.5,25.1,24.5,24.8
11:46:33 PM,21.9,26,24.1,25.7,25.7,25.4,25.2,27,25.5,24.5,24.8,24.3,24.5
12:16:33 AM,22.4,26.2,24.6,26,26,25.9,25.7,27.6,26.5,25.1,25.7,24.9,25.2
12:46:33 AM,22.6,26,24.8,26,26.2,25.9,26,27.7,26.8,25.4,26.3,25.2,25.7
1:16:33 AM,22.7,26.2,24.8,26,26.3,25.9,26,27.9,26.8,25.5,26.2,25.4,25.9
1:46:33 AM,22.3,26.2,24.1,25.7,26,25.5,25.4,27.3,26,24.8,25.2,24.8,24.9
2:16:33 AM,22.1,26,24.1,25.5,26,25.4,25.4,27.1,25.9,24.5,24.9,24.6,24.8
2:46:33 AM,22.1,26,24.3,25.7,25.9,25.4,25.5,27.1,26,24.8,25.2,24.6,24.9
3:16:33 AM,21.9,25.7,24.1,25.4,25.7,25.4,25.4,27.1,25.9,24.6,25.1,24.6,24.9
3:46:33 AM,21.8,25.5,24,25.2,25.7,25.2,25.2,27,25.7,24.3,25.1,24.3,24.8
4:16:33 AM,22.1,25.5,24.3,25.5,25.9,25.4,25.5,27.3,26.2,24.9,25.9,24.9,25.2
4:46:33 AM,22.3,25.7,24.3,25.7,26,25.4,25.7,27.6,26.3,25.2,26,25.2,25.4
5:16:33 AM,22.3,25.7,24.5,25.7,26,25.5,25.7,27.6,26.3,25.2,26.5,25.4,25.5
5:46:33 AM,22.4,25.7,24.5,25.7,26,25.5,25.7,27.6,26.3,25.2,26.3,25.4,25.7
6:16:33 AM,21.9,25.7,24,25.4,25.7,25.2,25.2,27,25.7,24.5,25.1,24.6,24.9
6:46:33 AM,21.8,25.5,23.8,25.2,25.5,25.1,25.1,26.8,25.4,24.1,24.8,24.5,24.6
7:16:33 AM,21.8,25.5,23.8,25.2,25.7,25.1,25.1,27,25.7,24.5,25.1,24.6,24.8
7:46:33 AM,21.8,25.4,23.8,25.2,25.5,25.1,25.1,26.8,25.5,24.6,25.4,24.8,24.9
8:16:33 AM,21.6,25.2,23.8,25.1,25.4,24.9,25.1,26.8,25.4,24.5,25.2,24.6,24.8
8:46:33 AM,21.9,25.4,24,25.4,25.5,25.1,25.2,27,25.5,24.8,26.3,25.5,25.2
9:16:33 AM,22.1,25.5,24.1,25.5,25.7,25.1,25.4,27,25.7,24.9,26.3,25.7,25.5
9:46:33 AM,22.1,25.7,24.3,25.7,25.9,25.2,25.5,27,25.7,25.1,26.8,25.9,25.5
10:16:33 AM,21.8,25.5,23.8,25.2,25.7,25.1,25.2,27,25.7,24.5,25.2,24.8,24.9
10:46:33 AM,21.6,25.5,23.7,25.1,25.4,24.9,24.9,26.5,25.2,24.1,24.5,24.3,24.5
11:16:33 AM,21.8,25.7,24.1,25.4,25.4,25.2,25.1,27,25.9,24.3,24.9,24.6,24.8
11:46:33 AM,21.6,25.7,24,25.2,25.2,25.1,25.1,26.8,25.7,24.1,24.6,24.3,24.5
12:16:33 PM,21.9,25.9,24.3,25.5,25.5,25.4,25.2,27.1,26,24.6,25.1,24.6,24.9
12:46:33 PM,22.1,26.2,24.5,25.9,25.9,25.5,25.5,27.3,26.2,24.9,25.1,24.8,25.2
1:16:33 PM,22.4,26.6,24.8,26.3,26,26,25.9,27.4,26.5,25.1,25.2,25.1,25.2
1:46:33 PM,21.9,26,24.1,25.7,25.7,25.4,25.2,26.8,25.7,24.3,24.6,24.5,24.6
2:16:33 PM,21.8,25.7,23.8,25.2,25.5,25.1,25.1,26.6,25.4,24.1,24.3,24.3,24.8
2:46:33 PM,21.9,26,24,25.4,25.7,25.2,25.1,27,25.5,24.3,24.5,24.5,24.6
3:16:33 PM,22.1,26.2,24.3,25.7,25.7,25.5,25.5,27,26,24.6,24.9,24.6,24.8
3:46:33 PM,22.4,26.3,24.6,26,25.9,25.9,25.7,27.3,26.2,24.9,25.2,24.9,25.1
4:16:33 PM,22.6,26.8,24.8,26.3,26.3,26,25.9,27.4,26.3,24.9,25.4,25.1,25.2
4:46:33 PM,22.1,26.3,24.3,25.9,25.9,25.5,25.4,27.1,25.9,24.5,24.8,24.6,24.8
5:16:33 PM,21.9,26.2,24.1,25.5,25.7,25.2,25.2,26.8,25.4,24.1,24.5,24.3,24.5
5:46:33 PM,21.9,26,24,25.5,25.7,25.4,25.2,27,25.5,24.3,24.5,24.3,24.5
6:16:33 PM,22.1,26.2,24.3,25.7,25.9,25.5,25.4,27.1,25.9,24.5,24.6,24.5,24.6
6:46:33 PM,22.6,26.5,24.8,26.2,25.9,25.9,26,27.4,26.3,25.1,25.5,24.9,25.1
7:16:33 PM,23.2,27,25.2,26.8,26.5,26.5,26.5,27.9,26.8,25.5,25.9,25.4,25.7
7:46:33 PM,23.8,26.6,25.1,26.5,26.2,26.3,26.6,27.7,27,25.4,25.9,25.4,25.7
8:16:33 PM,23.2,26.6,24.6,26.3,26.2,26.3,26.5,27.4,26.5,25.1,25.2,25.1,25.5
8:46:33 PM,22.7,26.6,24.5,26.2,26.2,26.2,26.3,27.4,26.3,24.9,25.1,24.9,25.4
9:16:33 PM,22.4,26.6,24.5,26,26.2,26,26.2,27.3,26.2,24.8,24.9,24.8,25.2
9:46:33 PM,22.4,26.6,24.5,26.2,26,26.2,26.2,27.4,26.5,25.1,25.2,24.9,25.4
10:16:33 PM,22.9,27,25.1,26.6,26.3,26.5,26.6,27.7,27.1,25.7,26,25.5,26
10:46:33 PM,23.2,27.1,25.2,26.8,26.6,26.8,26.8,28.1,27.4,25.9,26.3,25.7,26.3
11:16:33 PM,22.6,26.6,24.6,26.2,26.2,26.2,26.2,27.4,26.6,25.1,25.4,25.1,25.4
11:46:33 PM,22.3,26.5,24.3,26,26,26,25.9,27.1,26.2,24.8,24.9,24.8,25.1
12:16:33 AM,22.1,26.5,24.1,25.9,26,25.7,25.7,27,25.9,24.6,24.8,24.6,24.9
12:46:33 AM,22.1,26.5,24.3,25.9,26,25.9,25.9,27.1,26.3,24.8,25.2,24.8,25.1
1:16:33 AM,22.4,26.3,24.8,26,26.3,26,26.2,27.4,26.8,25.4,26.2,25.5,25.9
1:46:33 AM,22.6,26.5,24.8,26.2,26.6,26,26.2,27.7,27,25.7,26.6,25.9,26
2:16:33 AM,22.3,26.3,24.3,25.9,26.2,25.7,25.7,27.1,26.2,24.8,25.4,25.1,25.1
2:46:33 AM,22.1,26.2,24.1,25.7,26,25.7,25.7,27,26,24.6,25.1,24.8,24.9
3:16:33 AM,22.1,26.2,24.3,25.7,26,25.7,25.7,27.3,26.5,24.9,25.7,24.9,25.2
3:46:33 AM,21.9,26,24.1,25.5,26,25.5,25.7,27.1,26.3,24.8,25.5,24.8,25.1
4:16:33 AM,21.9,26,24.3,25.7,26,25.5,25.7,27.1,26.3,25.1,25.5,25.1,25.2
4:46:33 AM,22.1,25.9,24.5,25.7,26,25.7,25.7,27.3,26.5,25.2,26.5,25.7,25.5
5:16:33 AM,22.3,25.9,24.5,25.7,26,25.7,25.9,27.3,26.3,25.2,26.5,25.9,25.5
5:46:33 AM,22.1,26,24.3,25.7,26.2,25.5,25.7,27.3,26.3,25.1,26,25.5,25.4
6:16:33 AM,21.9,25.7,24.1,25.5,26,25.4,25.5,27.1,26.2,24.9,25.9,25.2,25.1
6:46:33 AM,21.6,25.5,24,25.4,25.7,25.2,25.2,26.8,26,24.6,25.2,24.8,24.8
7:16:33 AM,21.8,25.7,24,25.4,25.9,25.2,25.4,26.8,25.7,24.6,25.4,24.9,24.9
7:46:33 AM,21.6,25.5,24,25.4,25.9,25.2,25.4,27,26,24.9,25.7,24.9,25.1
8:16:33 AM,21.8,25.5,24.1,25.5,25.9,25.4,25.5,27.1,25.9,25.1,26.2,25.4,25.4
8:46:33 AM,21.9,25.5,24.3,25.7,25.9,25.4,25.5,27.1,25.9,25.2,26.3,25.9,25.5
9:16:33 AM,21.9,25.7,24.3,25.9,26,25.5,25.7,27.3,26,25.4,26.6,26,25.7
9:46:33 AM,22.1,25.9,24.5,26,26.2,25.4,25.7,27.1,26,25.2,26.6,26,25.7
10:16:33 AM,21.8,25.7,24.1,25.7,25.9,25.4,25.5,27,26,24.9,25.9,25.1,25.1
10:46:33 AM,21.6,25.7,24,25.4,25.7,25.4,25.4,27,25.9,24.5,25.2,24.6,24.8
11:16:33 AM,21.5,25.9,23.8,25.4,25.7,25.2,25.2,26.6,25.7,24.3,24.6,24.3,24.5
11:46:33 AM,21.6,26,24.1,25.5,25.5,25.5,25.4,27,26,24.6,25.2,24.6,24.9
12:16:33 PM,21.9,26,24.5,25.7,25.9,25.7,25.7,27.1,26.5,24.9,25.9,24.9,25.4
12:46:33 PM,22.1,26.2,24.6,26,26,25.9,26,27.4,26.8,25.2,26.2,25.2,25.7
1:16:33 PM,22.4,26.3,24.9,26.3,26.3,26.2,26.2,27.7,26.8,25.4,26.2,25.4,25.7
1:46:33 PM,22.1,26.2,24.6,26,25.9,26,25.9,27.3,26.5,25.1,25.5,24.9,25.1
2:16:33 PM,21.8,26.2,24.3,25.7,25.7,25.7,25.7,27,26,24.8,25.1,24.6,24.9
2:46:33 PM,21.8,26.2,24.1,25.7,25.9,25.7,25.5,26.8,25.7,24.5,24.8,24.5,24.6
3:16:33 PM,21.6,26.2,24.1,25.7,25.7,25.5,25.4,26.8,25.9,24.5,24.8,24.5,24.6
3:46:33 PM,22.1,26.3,24.6,26,25.9,26,26,27.1,26.3,25.1,25.4,24.8,25.1
4:16:33 PM,22.9,27,25.4,26.8,26.3,26.6,26.6,27.9,27.1,25.9,26.2,25.7,25.9
4:46:33 PM,22.7,26.8,25.1,26.6,26.3,26.6,26.5,27.7,27.1,25.5,26,25.5,25.7
5:16:33 PM,22.9,27,25.2,26.8,26.5,26.6,26.6,27.9,27.1,25.5,26.2,25.5,25.9
5:46:33 PM,22.3,26.3,24.5,26,26.3,25.9,25.9,27.1,25.9,24.8,24.9,24.8,24.9
6:16:33 PM,22.1,26.3,24.3,25.7,26,25.7,25.5,27,25.9,24.6,24.8,24.6,24.8
6:46:33 PM,22.1,26.3,24.3,25.7,26,25.7,25.7,27,26,24.6,24.9,24.8,24.8
7:16:33 PM,22.1,26.3,24.3,25.7,25.9,25.7,25.7,27,25.9,24.6,24.9,24.6,24.8
7:46:33 PM,22.1,26.3,24.5,25.9,25.9,25.9,25.7,27.1,26,24.6,24.9,24.8,24.8
8:16:33 PM,22.6,26.5,24.9,26.2,25.9,26.2,26,27.6,26.6,25.2,25.9,25.1,25.4
8:46:33 PM,22.9,26.8,25.2,26.6,26.2,26.3,26.5,27.7,27,25.5,26.2,25.4,25.7
9:16:33 PM,23,26.8,25.2,26.5,26.5,26.5,26.5,28.1,27.1,25.7,26.3,25.5,26
9:46:33 PM,22.4,26.5,24.6,26,26,25.9,25.9,27.4,26.3,24.9,25.2,24.9,25.1
10:16:33 PM,22.1,26.2,24.3,25.9,25.9,25.5,25.5,27.1,25.9,24.6,24.9,24.8,24.9
10:46:33 PM,21.9,26,24.1,25.5,25.7,25.2,25.4,26.8,25.5,24.3,24.5,24.5,24.6
11:16:33 PM,21.8,26,23.8,25.4,25.7,25.2,25.2,26.8,25.5,24.1,24.5,24.3,24.5
11:46:33 PM,22.1,25.7,24.3,25.7,25.9,25.4,25.7,27.3,26.2,24.8,25.5,24.9,25.2
12:16:33 AM,22.4,25.7,24.5,25.9,26,25.5,25.7,27.3,26.2,25.2,26.2,25.4,25.5
12:46:33 AM,22.4,25.7,24.5,26,26,25.5,25.7,27.4,26.5,25.2,26.5,25.5,25.7
1:16:33 AM,22.1,25.9,24,25.5,25.9,25.2,25.4,26.8,25.7,24.5,25.1,24.9,24.9
1:46:33 AM,22.1,25.7,24,25.5,25.7,25.2,25.4,27.1,25.9,24.6,25.4,24.9,24.9
2:16:33 AM,21.9,25.5,24,25.4,25.7,25.1,25.2,27,25.7,24.6,25.5,24.9,24.9
2:46:33 AM,21.8,25.2,23.7,25.2,25.4,24.9,25.1,26.8,25.5,24.3,24.9,24.5,24.6
3:16:33 AM,21.8,25.4,23.8,25.2,25.5,25.1,25.1,26.8,25.5,24.5,25.1,24.6,24.8
3:46:33 AM,21.9,25.2,24,25.2,25.5,25.1,25.2,26.8,25.7,24.8,26,25.2,25.1
4:16:33 AM,22.1,25.4,24,25.4,25.5,25.2,25.4,27,25.7,24.9,26,25.4,25.2
4:46:33 AM,22.1,25.4,24.1,25.4,25.7,25.2,25.4,27,25.7,24.9,26.3,25.5,25.4
5:16:33 AM,21.8,25.4,23.8,25.2,25.5,25.1,25.1,26.8,25.4,24.3,25.4,24.9,24.8
5:46:33 AM,21.6,25.2,23.5,25.1,25.4,24.8,24.9,26.5,25.1,24,24.8,24.5,24.5
6:16:33 AM,21.6,25.2,23.7,25.1,25.4,24.9,25.1,26.8,25.4,24.5,25.2,24.8,24.8
6:46:33 AM,21.5,25.1,23.7,24.9,25.4,24.8,24.9,26.6,25.2,24.3,25.4,24.6,24.6
7:16:33 AM,21.6,25.1,23.8,25.1,25.4,24.9,25.1,26.6,25.4,24.6,25.9,25.1,24.9
7:46:33 AM,21.6,25.1,23.8,25.1,25.5,24.9,25.2,26.8,25.4,24.6,25.9,25.1,24.9
8:16:33 AM,21.8,25.1,23.8,25.1,25.5,25.1,25.2,26.8,25.4,24.6,26.2,25.2,25.1
8:46:33 AM,21.8,25.2,23.8,25.4,25.7,25.1,25.2,27,25.4,24.8,26.2,25.4,25.1
9:16:33 AM,21.6,25.2,23.7,25.1,25.4,24.9,25.1,26.8,25.4,24.5,25.1,24.6,24.6
9:46:33 AM,21.5,25.2,23.5,24.9,25.2,24.8,24.9,26.5,25.4,24.1,24.9,24.3,24.3
10:16:33 AM,21.3,25.5,23.7,25.2,25.7,25.1,25.1,26.6,25.5,24.1,24.8,24.5,24.5
10:46:33 AM,21.5,25.9,24,25.4,25.9,25.5,25.4,27.3,25.7,24.6,25.4,24.8,24.9
11:16:33 AM,21.6,25.9,24.3,25.5,26.2,25.7,25.7,27.6,25.9,24.8,26,24.9,25.2
11:46:33 AM,21.8,26,24.5,25.9,26.3,25.7,25.9,27.6,26,25.1,25.9,25.1,25.4
12:16:33 PM,21.9,26.2,24.6,25.9,26.3,26,26,27.7,26.2,25.1,26,25.1,25.4
12:46:33 PM,22.1,26.5,24.8,26.2,26.2,26.2,26,27.7,26.3,25.2,26.3,25.4,25.5
1:16:33 PM,21.6,26.3,24.5,25.9,26,25.9,25.7,26.8,25.9,24.8,25.5,24.8,25.1
1:46:33 PM,21.6,26.2,24.3,25.9,26,25.7,25.5,27,25.7,24.6,25.2,24.6,24.9
2:16:33 PM,21.5,26.2,24.1,25.7,25.9,25.5,25.4,27,25.5,24.5,25.4,24.6,24.8
2:46:33 PM,21.8,26.5,24.6,26.2,26,26,25.9,27.3,25.9,24.8,25.4,24.9,25.1
3:16:33 PM,22.1,26.6,24.9,26.3,26.2,26.3,26.2,27.6,26.3,25.1,25.7,25.2,25.5
3:46:33 PM,22.4,27,25.1,26.6,26.6,26.5,26.3,28.1,26.5,25.4,26.2,25.4,25.7
4:16:33 PM,22.6,27.3,25.2,26.8,26.8,26.6,26.5,28.1,26.6,25.5,26.2,25.5,25.9
4:46:33 PM,22.1,26.6,24.9,26.3,26.5,26.2,26.2,27.3,26,24.9,25.2,25.1,25.2
5:16:33 PM,21.9,26.5,24.5,26,26.2,25.9,25.9,27.1,25.9,24.6,25.4,24.8,24.9
5:46:33 PM,21.9,26.3,24.3,25.9,26.2,25.5,25.7,27.1,25.7,24.5,25.1,24.6,24.8
6:16:33 PM,22.3,26.8,25.1,26.5,26.3,26.2,26.3,27.6,26.3,25.1,25.7,25.1,25.4
6:46:33 PM,22.7,27.1,25.4,26.8,26.5,26.6,26.6,27.9,26.8,25.2,26,25.4,25.5
7:16:33 PM,22.9,27.1,25.5,27,26.5,26.8,26.8,28.2,27.1,25.5,26.3,25.5,25.9
7:46:33 PM,22.3,26.6,24.6,26.2,26.5,26,26.2,27.4,26,24.8,25.2,24.8,25.1
8:17:34 PM,22.1,26.3,24.5,26,26.2,25.9,25.9,27.4,25.9,24.6,25.4,24.6,24.8
8:47:34 PM,22.1,26.2,24.3,25.9,26.2,25.7,25.7,27.4,25.7,24.5,25.2,24.6,24.8
9:17:34 PM,22.4,26.6,24.9,26.3,26.2,26.2,26.2,27.4,26.2,24.9,25.7,24.9,25.2
9:47:34 PM,22.9,27,25.2,26.6,26.5,26.5,26.5,28.2,26.6,25.4,26.5,25.4,25.7
10:17:34 PM,22.9,27.1,25.1,26.6,26.5,26.5,26.5,28.1,26.6,25.5,26.3,25.2,25.7
10:47:34 PM,22.6,26.6,24.8,26.3,26.2,26,26.2,27.6,26,24.9,25.5,24.9,25.1
11:17:34 PM,22.4,26.3,24.6,26,25.9,26,26,27.6,26,24.8,25.5,24.8,25.1
11:47:34 PM,22.1,26.2,24.5,25.9,25.9,25.7,25.7,27.3,25.9,24.6,25.4,24.6,24.8
12:17:34 AM,21.9,26,24.3,25.7,25.7,25.5,25.5,27.1,25.5,24.5,25.2,24.5,24.8
12:47:34 AM,21.9,26,24.3,25.7,25.9,25.5,25.5,27.1,25.5,24.6,25.2,24.5,24.8
1:17:34 AM,22.4,26,24.8,26,26.3,25.7,25.9,27.7,26,25.1,26.6,25.4,25.7
1:47:34 AM,22.6,26.2,24.9,26,26.5,25.9,26,27.9,26.2,25.2,26.8,25.9,26
2:17:34 AM,22.6,26.2,24.6,26,26.5,25.7,25.9,27.7,25.9,24.9,26.2,25.2,25.4
2:47:34 AM,22.3,26,24.5,25.7,26.2,25.5,25.5,27.7,25.7,24.8,26,25.1,25.2
3:17:34 AM,22.1,25.9,24.1,25.5,26,25.2,25.4,27.4,25.4,24.6,25.4,24.6,24.9
3:47:34 AM,21.8,25.7,23.8,25.4,25.7,25.1,25.2,27,25.1,24.3,24.9,24.3,24.5
4:17:34 AM,22.1,25.7,24.3,25.5,26,25.4,25.5,27.6,25.5,24.6,26.5,25.2,25.4
4:47:34 AM,22.4,25.9,24.5,25.9,26.3,25.5,25.9,27.6,25.9,24.9,26.8,25.5,25.7
5:17:34 AM,22.4,25.9,24.5,25.9,26.3,25.5,25.9,27.6,25.9,24.9,27,25.7,25.7
5:47:34 AM,21.9,25.9,24,25.5,25.9,25.2,25.5,27.3,25.4,24.5,25.5,24.6,24.8
6:17:34 AM,21.9,25.9,24,25.4,25.9,25.2,25.4,27.1,25.2,24.3,25.4,24.6,24.9
6:47:34 AM,21.9,25.5,24.1,25.4,25.9,25.2,25.4,27.3,25.4,24.5,25.9,24.9,25.1
7:17:34 AM,21.8,25.5,24,25.2,25.7,25.1,25.2,27.1,25.2,24.3,25.7,24.6,24.8
7:47:34 AM,21.8,25.5,24,25.4,25.7,25.1,25.4,27.3,25.2,24.3,25.7,24.8,24.9
8:17:34 AM,22.1,25.5,24.1,25.7,26,25.4,25.7,27.4,25.5,24.6,26.3,25.2,25.4
8:47:34 AM,22.3,25.7,24.5,25.9,26.2,25.5,25.9,27.6,25.9,24.9,27.1,25.7,25.7
9:17:34 AM,22.1,26,24.1,25.7,26,25.4,25.5,27.3,25.4,24.6,25.9,24.9,25.1
9:47:34 AM,21.9,25.9,24.3,25.5,25.9,25.4,25.4,27.3,25.4,24.6,25.4,24.6,24.9
10:17:34 AM,21.6,25.9,23.8,25.2,25.5,25.1,25.2,27,25.2,24.1,24.9,24.1,24.5
10:47:34 AM,21.6,25.9,23.8,25.2,25.5,24.9,25.2,26.8,25.1,24.1,24.8,24.1,24.3
11:17:34 AM,21.8,26,24.1,25.4,25.4,25.1,25.4,26.8,25.4,24.3,24.9,24.3,24.5
11:47:34 AM,21.8,25.9,24.1,25.4,25.4,25.2,25.4,27,25.4,24.5,25.1,24.3,24.6
12:17:34 PM,22.1,26.5,24.5,25.9,25.7,25.5,25.7,27.6,25.9,24.8,25.5,25.1,25.1
12:47:34 PM,22.4,26.8,24.8,26.2,25.9,25.9,26,27.4,26.2,25.1,25.9,25.4,25.4
1:17:34 PM,21.9,26.5,24.5,25.7,25.7,25.4,25.5,27.1,25.4,24.3,25.2,25.1,24.8
1:47:34 PM,21.9,26.2,24.3,25.5,25.5,25.2,25.5,27.1,25.4,24.1,25.1,24.9,24.5
2:17:34 PM,21.9,26.2,24.3,25.4,25.7,25.4,25.5,27.1,25.5,24.1,25.2,25.2,24.6
2:47:34 PM,22.3,26.5,24.6,25.7,25.7,25.5,25.9,27.3,25.7,24.5,25.4,25.4,24.8
3:17:34 PM,22.4,26.6,24.9,25.9,25.9,25.9,26,27.3,26,24.9,25.5,25.4,25.2
3:47:34 PM,22.6,27,24.9,26,26.2,26,26,27.4,26.2,24.9,25.7,25.1,25.2
4:17:34 PM,22.4,27,24.9,26.2,26.2,26.2,26.2,27.3,26.2,24.8,25.7,24.9,25.2
4:47:34 PM,22.4,27,25.1,26.3,26.3,26.2,26.2,27.3,26.3,24.8,25.5,24.9,25.2
5:17:34 PM,22.4,27,25.1,26.3,26.3,26.3,26.2,27.4,26.3,24.9,25.7,24.9,25.2
5:47:34 PM,22.4,27,25.2,26.3,26.3,26.3,26.3,27.6,26.5,24.9,25.7,25.1,25.2
6:17:34 PM,22.9,27.3,25.5,26.8,26.6,26.6,26.6,27.7,26.8,25.2,26.2,25.2,25.5
6:47:34 PM,22.6,27,25.2,26.3,26.5,26.3,26.3,27.6,26.2,24.9,25.7,25.1,25.2
7:17:34 PM,22.6,27,25.1,26.2,26.3,26.2,26.2,27.6,26.2,24.8,25.9,24.9,25.2
7:47:34 PM,22.7,27.1,25.4,26.5,26.5,26.5,26.5,27.7,26.5,25.1,26,25.2,25.4
8:17:34 PM,23,27.3,25.5,26.6,26.8,26.6,26.6,27.9,26.5,25.1,25.9,25.4,25.5
8:47:34 PM,22.7,27,25.1,26.3,26.5,26.2,26.2,27.6,26.2,24.8,25.7,25.1,25.2
9:17:34 PM,22.6,26.6,24.9,26,26.3,26.2,26.2,27.4,26.2,24.8,25.7,24.9,25.1
9:47:34 PM,23,27.1,25.4,26.6,26.5,26.5,26.5,27.7,26.5,25.2,26,25.4,25.5
10:17:34 PM,23,27.1,25.2,26.5,26.5,26.3,26.5,27.7,26.3,25.1,26,25.2,25.4
10:47:34 PM,22.7,26.8,25.1,26.2,26.3,26.2,26.2,27.6,26.2,24.9,25.9,25.1,25.1
11:17:34 PM,22.6,26.8,24.9,26.2,26.2,26,26.2,27.3,26,24.6,25.5,24.9,25.1
11:47:34 PM,22.4,26.5,24.8,25.9,26,25.9,25.9,27.1,25.7,24.5,25.2,24.8,24.9
12:17:34 AM,22.9,27,25.2,26.3,26.3,26.2,26.3,27.6,26.3,24.9,25.7,25.1,25.2
12:47:34 AM,23,27,25.4,26.5,26.3,26.5,26.5,27.7,26.5,25.1,26,25.2,25.5
1:17:34 AM,23.2,27.1,25.4,26.5,26.5,26.3,26.5,27.6,26.3,25.1,25.9,25.2,25.4
1:47:34 AM,22.7,26.6,24.9,26,26.2,25.9,26,27.3,25.9,24.6,25.5,24.9,25.1
2:17:34 AM,22.6,26.5,24.8,25.9,26,25.9,26,27.3,25.9,24.6,25.7,24.8,25.1
2:47:34 AM,22.6,26.5,24.6,25.9,26,25.7,25.7,27.1,25.7,24.5,25.2,24.6,24.8
3:17:34 AM,22.4,26.3,24.5,25.7,25.7,25.7,25.9,27,25.5,24.5,25.2,24.6,24.8
3:47:34 AM,23,26.8,25.1,26.3,26,26.3,26.3,27.6,26.5,25.4,26.2,25.2,25.5
4:17:34 AM,23.4,27.1,25.4,26.6,26.5,26.6,26.6,28.1,26.8,25.7,26.6,25.5,26
4:47:34 AM,22.7,26.5,24.8,25.9,26.2,25.9,26,27.4,25.7,24.8,25.5,24.8,25.1
5:17:34 AM,22.4,26.3,24.5,25.5,25.9,25.4,25.7,27,25.4,24.3,25.1,24.5,24.6
5:47:34 AM,22.4,26.2,24.3,25.4,25.7,25.4,25.5,26.8,25.2,24.1,25.1,24.3,24.5
6:17:34 AM,22.7,26.5,24.9,26,26,25.9,26,27.4,25.9,24.9,26,24.9,25.2
6:47:34 AM,23,26.6,25.1,26.2,26.3,26,26.2,27.7,26.2,25.2,26.3,25.2,25.7
7:17:34 AM,22.6,26.3,24.5,25.7,26,25.5,25.7,27.3,25.5,24.5,25.4,24.6,24.9
7:47:34 AM,22.3,26.2,24.3,25.4,25.9,25.2,25.5,27,25.2,24.1,25.2,24.3,24.6
8:17:34 AM,22.3,26,24.1,25.2,25.7,25.2,25.4,26.6,25.1,24,24.9,24.3,24.5
8:47:34 AM,22.7,26.3,24.8,25.9,25.9,25.9,26,27.4,25.9,24.9,26.2,24.9,25.2
9:17:34 AM,22.9,26.6,24.8,26,25.9,26,26,27.4,26,25.1,26.5,25.1,25.4
9:47:34 AM,22.7,26.6,24.9,26.2,25.9,25.9,26,27.3,26,24.8,26.2,24.9,25.2
10:17:34 AM,22.4,26.3,24.6,25.7,25.7,25.5,25.7,27,25.5,24.5,25.7,24.6,24.9
10:47:34 AM,22.3,26.2,24.5,25.5,25.5,25.2,25.4,27,25.2,24.1,25.2,24.5,24.6
11:17:34 AM,22.1,26,24.3,25.4,25.7,25.2,25.4,27,25.2,24.1,25.4,24.3,24.5
11:47:34 AM,22.6,26.5,24.9,25.9,25.7,25.7,26,27.1,25.9,24.6,25.7,24.8,25.1
12:17:34 PM,22.9,26.6,25.2,26.3,26,26.2,26.3,27.4,26.2,25.1,26,25.1,25.4
12:47:34 PM,22.4,26.3,24.6,25.7,26,25.5,25.9,27.1,25.5,24.5,25.5,24.6,24.8
1:17:34 PM,22.4,26.3,24.6,25.5,26,25.5,25.7,27.1,25.4,24.3,25.4,24.5,24.6
1:47:34 PM,22.4,26.3,24.6,25.7,25.9,25.4,25.7,27,25.4,24.3,25.4,24.6,24.6
2:17:35 PM,22.7,26.8,25.1,26.2,26.2,25.9,26,27.3,26,24.8,25.7,24.9,25.1
2:47:35 PM,23.2,27.1,25.4,26.5,26.6,26.3,26.5,27.7,26.5,25.1,26.2,25.2,25.4
3:17:35 PM,22.7,26.6,24.9,25.9,26.2,25.7,25.9,27.3,25.7,24.5,25.7,24.8,24.9
3:47:35 PM,22.6,26.3,24.6,25.7,26.2,25.5,25.7,27.1,25.5,24.5,25.2,24.6,24.8
4:17:35 PM,22.4,26.3,24.6,25.7,26,25.5,25.7,27.1,25.5,24.3,25.4,24.6,24.8
4:47:35 PM,23,27,25.2,26.3,26.5,26.2,26.2,27.6,26.2,24.9,26,25.1,25.4
5:17:35 PM,23.4,27.3,25.4,26.5,26.6,26.3,26.5,27.7,26.3,25.1,26,25.2,25.5
5:47:35 PM,23,26.8,25.1,26.2,26.3,26,26,27.4,26.2,24.8,25.7,24.9,25.2
6:17:35 PM,22.9,26.6,24.8,26,26.2,25.7,25.9,27.3,25.9,24.6,25.5,24.8,25.1
6:47:35 PM,22.9,26.6,24.9,26,26.2,25.7,25.9,27.3,25.9,24.6,25.5,24.8,25.1
7:17:35 PM,23.2,27.1,25.2,26.3,26.5,26,26.3,27.6,26.2,24.9,25.9,25.1,25.4
7:47:35 PM,23.5,27.3,25.4,26.6,26.6,26.3,26.5,27.9,26.5,25.1,26.2,25.2,25.5
8:17:35 PM,23.2,26.8,25.1,26.2,26.3,26,26,27.6,26,24.8,25.7,24.9,25.1
8:47:35 PM,23,26.5,24.8,25.9,26.2,25.7,25.9,27.3,25.7,24.5,25.5,24.8,24.9
9:17:35 PM,22.9,26.3,24.6,25.7,26,25.5,25.7,27.1,25.7,24.5,25.4,24.6,24.8
9:47:35 PM,22.7,26.3,24.5,25.7,26,25.4,25.7,27.1,25.5,24.3,25.4,24.6,24.6
10:17:35 PM,23.2,26.8,25.1,26.2,26.3,25.9,26.2,27.4,26,24.8,25.9,25.1,25.2
10:47:35 PM,23.5,27.1,25.4,26.5,26.5,26.2,26.5,27.6,26.3,25.1,26,25.2,25.5
11:17:35 PM,23.2,26.5,24.8,25.9,26.2,25.7,26,27.6,25.7,24.6,25.7,24.9,24.9
11:47:35 PM,22.9,26.3,24.6,25.7,25.9,25.4,25.7,27.1,25.4,24.3,25.4,24.6,24.6
12:17:35 AM,22.9,26.3,24.5,25.5,25.9,25.4,25.5,27,25.2,24.3,25.2,24.5,24.6
12:47:35 AM,22.9,26.3,24.6,25.7,25.9,25.4,25.7,27.1,25.4,24.3,25.4,24.5,24.6
1:17:35 AM,22.9,26.3,24.8,25.9,25.9,25.5,25.7,27.3,25.5,24.5,25.5,24.6,24.8
1:47:35 AM,23.2,26.8,25.1,26.2,26,25.7,26,27.3,25.7,24.8,25.7,24.9,25.1
2:17:35 AM,23.2,26.8,24.9,26.2,26.2,25.7,26,27.4,25.7,24.6,25.7,24.9,25.1
2:47:35 AM,22.9,26.5,24.6,25.7,26,25.4,25.7,27.3,25.4,24.3,25.5,24.6,24.8
3:17:35 AM,22.7,26.3,24.5,25.5,25.7,25.2,25.4,27,25.2,24.1,25.2,24.5,24.5
3:47:35 AM,22.6,26.2,24.3,25.4,25.7,25.1,25.4,26.8,25.1,24.1,25.1,24.3,24.5
4:17:35 AM,23,26.5,24.9,26,25.9,25.7,26,27.3,25.9,24.8,25.9,24.8,25.1
4:47:35 AM,23.5,26.8,25.2,26.3,26.2,26.2,26.3,27.7,26.3,25.2,26.5,25.2,25.7
5:17:35 AM,22.9,26.3,24.5,25.5,25.9,25.2,25.7,27.1,25.1,24.3,25.2,24.6,24.6
5:47:35 AM,22.7,26.2,24.3,25.4,25.7,25.1,25.4,27,24.9,24,25.1,24.3,24.5
6:17:35 AM,23,26.2,24.6,25.5,25.9,25.5,25.9,27.4,25.5,24.5,25.7,24.8,24.9
6:47:35 AM,23,26.5,24.6,25.7,26,25.5,25.9,27.4,25.4,24.6,25.5,24.8,24.9
7:17:35 AM,22.7,26.2,24.3,25.4,25.7,25.1,25.4,27,25.1,24,24.9,24.3,24.5
7:47:35 AM,22.6,26,24,25.2,25.7,25.1,25.2,27,24.9,23.8,25.1,24.3,24.3
8:17:35 AM,22.3,25.7,23.8,25.1,25.4,24.8,25.1,26.8,24.8,23.7,24.9,24.1,24.1
8:47:35 AM,22.6,26,24.3,25.5,25.5,25.2,25.5,27,25.2,24.3,25.2,24.5,24.6
9:17:35 AM,22.9,26.5,24.8,26,25.9,25.9,25.9,27.3,25.9,24.6,25.5,24.8,25.1
9:47:35 AM,23,26.8,25.2,26.3,26,26.3,26.5,27.6,26.5,25.2,26,25.2,25.5
10:17:35 AM,22.7,26.8,24.8,26,26.2,26,26,27.3,25.9,24.8,25.4,24.9,25.1
10:47:35 AM,22.7,27,24.9,26.2,26.3,26,26,27.3,25.9,24.8,25.4,24.9,25.1
11:17:35 AM,22.6,26.8,24.9,26,26.5,25.9,26,27.3,25.7,24.6,25.4,24.8,24.9
11:47:35 AM,22.6,26.8,24.9,26,26.3,26,26,27.3,25.9,24.6,25.4,24.8,24.9
12:17:35 PM,22.4,26.6,24.8,25.9,26.3,25.9,25.9,27.1,25.7,24.5,25.1,24.6,24.8
12:47:35 PM,22.7,26.8,25.1,26.2,26.5,26.2,26.2,27.1,26,24.8,25.4,24.9,25.1
1:17:35 PM,23.2,27.3,25.5,26.8,27,26.6,26.5,27.6,26.6,25.1,25.7,25.4,25.5
1:47:35 PM,23.5,27.6,25.9,27.1,27.1,27,26.8,27.9,27,25.4,26.2,25.5,25.7
2:17:35 PM,23.2,27.1,25.2,26.5,26.5,26.3,26.2,27.4,26.2,24.9,25.5,25.1,25.2
2:47:35 PM,22.9,27,25.1,26.3,26.5,26.2,26,27.4,25.9,24.8,25.4,24.9,25.1
3:17:35 PM,22.9,27,24.9,26.2,26.5,26.2,25.9,27.4,25.9,24.8,25.4,24.9,25.1
3:47:35 PM,22.9,26.8,25.1,26.3,26.5,26.3,26,27.4,26.2,24.9,25.4,25.1,25.2
4:17:35 PM,23.4,27.3,25.5,27,26.8,26.6,26.3,27.4,26.5,25.2,25.7,25.4,25.5
4:47:35 PM,23.8,27.7,26,27.4,27.3,27.1,26.8,28.1,27,25.7,26.3,25.7,26
5:17:35 PM,23.2,27.1,25.2,26.6,26.6,26.5,26.2,27.6,26.3,25.1,25.7,25.2,25.4
5:47:35 PM,23,27,25.1,26.3,26.5,26.3,26.2,27.4,26,24.9,25.4,25.1,25.2
6:17:35 PM,23,26.8,25.1,26.3,26.5,26.3,26,27.4,26,24.8,25.5,25.1,25.2
6:47:35 PM,23,26.8,25.1,26.3,26.5,26.3,26,27.4,26.2,24.8,25.5,25.1,25.1
7:17:35 PM,23.7,27.4,25.7,27,27,26.8,26.6,27.7,26.6,25.4,25.9,25.5,25.7
7:47:35 PM,23.8,27.7,26,27.3,27.1,27,27,27.9,26.6,25.5,26.2,25.7,26
8:17:35 PM,23.4,27.3,25.4,26.6,26.6,26.5,26.3,27.6,26.2,24.9,25.9,25.2,25.4
8:47:35 PM,23.2,27,25.1,26.3,26.5,26.2,26,27.4,25.9,24.8,25.5,25.1,25.1
9:17:35 PM,23,26.8,24.9,26.2,26.3,25.9,25.9,27.1,25.5,24.6,25.2,24.8,24.9
9:47:35 PM,23,26.6,24.8,26,26.2,25.9,25.9,27.3,25.5,24.6,25.4,24.8,24.9
10:17:35 PM,22.9,26.6,24.8,26,26.2,26,25.9,27.3,25.5,24.5,25.4,24.8,24.9
10:47:35 PM,23.5,27.3,25.5,26.8,26.6,26.5,26.5,27.6,26.2,25.1,25.9,25.4,25.5
11:17:35 PM,23.8,27.6,25.9,27.1,27,26.6,26.6,27.9,26.5,25.2,26.2,25.5,25.7
11:47:35 PM,23.4,27,25.1,26.2,26.3,26,26,27.6,25.5,24.6,25.7,25.1,25.1
12:17:35 AM,23,26.6,24.8,26,26,25.9,25.7,27.1,25.4,24.5,25.4,24.6,24.8
12:47:35 AM,23,26.5,24.8,25.9,26,25.7,25.7,27.1,25.4,24.5,25.4,24.8,24.9
1:17:35 AM,23.2,27,25.1,26.3,26.5,26,26,27.4,25.9,24.8,25.7,24.9,25.1
1:47:35 AM,23.5,27.3,25.5,26.6,26.6,26.3,26.5,27.9,26.2,25.2,26.2,25.4,25.5
2:17:35 AM,23,26.6,24.8,26,26.2,25.9,25.9,27.1,25.4,24.6,25.4,24.8,24.9
2:47:35 AM,22.9,26.5,24.6,25.7,26,25.5,25.5,26.8,25.2,24.3,25.1,24.5,24.6
3:17:35 AM,23.4,27,25.2,26.3,26.5,26.2,26.2,27.4,26,24.9,25.7,25.1,25.2
3:47:35 AM,23.5,27.3,25.4,26.5,26.5,26.2,26.3,27.6,25.9,25.1,26,25.2,25.2
4:17:35 AM,23.2,26.6,24.9,26,26.2,25.9,25.9,27.3,25.5,24.6,25.4,24.8,24.9
4:47:35 AM,22.9,26.5,24.8,25.9,26,25.7,25.7,27.1,25.4,24.6,25.5,24.6,24.8
5:17:35 AM,22.7,26.2,24.6,25.5,25.9,25.5,25.5,27,25.2,24.3,25.2,24.5,24.6
5:47:35 AM,22.9,26.5,24.8,25.9,26,25.9,25.7,27.1,25.4,24.5,25.4,24.8,24.8
6:17:35 AM,23.2,27,25.2,26.3,26.3,26,26,27.4,25.9,24.9,25.7,25.1,25.2
6:47:35 AM,23.4,27.1,25.4,26.5,26.3,26.3,26.3,27.7,26.2,25.1,26.2,25.2,25.4
7:17:35 AM,22.9,26.5,24.8,25.9,25.9,25.7,25.7,27.1,25.4,24.5,25.4,24.6,24.8
7:47:35 AM,22.7,26.2,24.5,25.5,25.7,25.4,25.4,26.8,25.1,24.1,25.1,24.5,24.5
8:17:35 AM,22.9,26.5,24.8,25.9,26,25.5,25.7,27,25.4,24.5,25.2,24.6,24.8
8:47:35 AM,23.2,26.8,25.1,26.2,26.3,26,25.9,27.4,25.7,24.8,25.7,25.1,25.2
9:17:35 AM,22.9,26.8,24.6,26,26,25.5,25.5,27,25.2,24.3,24.9,24.6,24.8
9:47:35 AM,22.9,26.5,24.5,25.9,25.7,25.2,25.4,26.6,24.9,24.1,24.8,24.5,24.6
10:17:35 AM,22.9,26.6,24.9,26,26,25.4,25.2,26.6,25.5,24.1,24.6,24.5,24.6
10:47:35 AM,22.7,26.6,24.9,25.9,26,25.4,25.2,26.5,25.4,24,24.5,24.3,24.6
11:17:35 AM,22.7,26.6,24.8,25.9,25.9,25.4,25.2,26.5,25.4,24,24.5,24.3,24.5
11:47:35 AM,22.9,26.6,24.9,26,26.2,25.5,25.2,26.6,25.4,24.1,24.8,24.5,24.8
12:17:35 PM,23.2,27.1,25.2,26.5,26.6,25.9,25.7,27.1,25.9,24.5,24.9,24.8,25.1
12:47:35 PM,23.5,27.4,25.5,26.8,26.8,26.2,26,27.4,26,24.8,25.1,25.1,25.2
1:17:35 PM,23.7,27.4,25.5,26.8,26.6,26.2,26,27.3,26,24.9,25.1,25.1,25.4
1:47:35 PM,24.3,27.7,25.4,27.3,26.6,26,25.9,27.6,26,24.6,24.8,25.2,25.7
2:17:35 PM,24.1,27.9,25.4,27.3,26.8,26.2,26,27.9,26,24.9,24.9,25.4,25.9
2:47:35 PM,23.8,27.9,25.2,27.1,26.6,26.2,26,27.9,26,24.9,25.1,25.4,25.7
3:17:35 PM,23.7,27.7,25.4,27.1,26.6,26.2,26,27.7,26,24.9,25.1,25.4,25.7
3:47:35 PM,23.7,27.6,25.2,27,26.5,26,26,27.6,25.9,24.9,25.1,25.2,25.5
4:17:35 PM,23.7,27.7,25.4,27.1,26.8,26.3,26.2,27.9,26,25.1,25.1,25.2,25.7
4:47:35 PM,24.1,28.2,25.9,27.4,27.4,26.8,26.6,28.4,26.6,25.5,25.5,25.9,26.2
5:17:35 PM,24.5,28.4,26.2,27.7,27.4,26.8,26.8,28.4,26.8,25.7,25.7,26,26.3
5:47:35 PM,24.1,27.7,25.7,27.1,26.8,26.5,26.3,27.9,26.5,25.4,25.5,25.5,26
6:17:35 PM,24,27.6,25.4,27,26.6,26.2,26.2,27.7,26.2,25.1,25.4,25.4,25.7
6:47:35 PM,23.8,27.4,25.2,26.8,26.5,26.2,26,27.6,26,25.1,25.1,25.1,25.5
7:17:35 PM,23.8,27.4,25.2,26.8,26.5,26.2,26,27.4,26,25.1,25.1,25.1,25.4
7:47:35 PM,23.8,27.4,25.2,26.8,26.5,26.2,26,27.6,26,24.9,25.1,25.1,25.4
8:17:35 PM,23.8,27.4,25.2,26.8,26.5,26,25.9,27.6,26,24.9,25.1,25.1,25.4
8:47:35 PM,23.8,27.6,25.5,27,26.6,26.2,26.3,27.7,26.2,25.1,25.2,25.2,25.5
9:17:35 PM,24.3,28.1,25.9,27.4,27.1,26.6,26.6,28.2,26.6,25.4,25.7,25.7,26
9:47:35 PM,24.5,28.1,25.9,27.4,27.1,26.6,26.6,28.4,26.6,25.4,25.7,25.7,26
10:17:35 PM,24.1,27.7,25.5,27.1,26.6,26.3,26.2,27.7,26.2,25.1,25.2,25.4,25.7
10:47:35 PM,24,27.4,25.2,26.8,26.3,26,26,27.4,25.9,24.9,25.2,25.1,25.4
11:17:35 PM,23.8,27.4,25.2,26.8,26.5,26,26,27.6,25.9,24.9,25.2,25.1,25.4
11:47:35 PM,23.7,27.4,25.2,26.6,26.5,26,26,27.6,26,24.8,25.1,25.1,25.2
12:17:35 AM,23.7,27.3,25.1,26.6,26.3,25.9,25.9,27.3,25.9,24.8,24.9,24.9,25.2
12:47:35 AM,24.1,27.7,25.7,27.1,26.8,26.3,26.5,27.9,26.3,25.1,25.2,25.4,25.7
1:17:35 AM,24.3,27.9,25.9,27.3,27.1,26.6,26.6,28.2,26.5,25.4,25.7,25.5,25.9
1:47:35 AM,23.8,27.1,25.2,26.5,26.6,26.2,26,27.7,26,24.9,25.4,25.1,25.4
2:17:35 AM,23.5,26.8,24.9,26.2,26.3,25.9,25.9,27.3,25.7,24.6,25.1,24.8,25.1
2:47:35 AM,23.5,26.6,24.9,26.2,26.2,25.9,25.9,27.4,25.7,24.6,25.2,24.8,24.9
3:17:35 AM,23.5,26.6,24.9,26.3,26.3,26,25.9,27.4,26,24.8,25.2,24.9,25.1
3:47:35 AM,23.7,26.8,25.1,26.3,26.3,26.3,26.3,27.6,26.3,25.1,25.7,25.1,25.4
4:17:35 AM,24,27.1,25.7,27,26.6,26.6,26.6,27.9,26.6,25.5,26,25.4,25.7
4:47:35 AM,24.1,27.4,25.9,27.1,26.8,26.6,26.8,28.2,26.8,25.5,26.3,25.5,25.9
5:17:35 AM,23.7,26.8,25.1,26.5,26.3,26.2,26.2,27.6,26.2,24.9,25.7,24.9,25.2
5:47:35 AM,23.4,26.6,24.8,26.2,26.2,25.9,25.9,27.1,25.7,24.6,25.1,24.6,24.9
6:17:35 AM,23.2,26.5,24.6,26,26,25.7,25.5,27,25.5,24.5,25.1,24.5,24.8
6:47:35 AM,23.5,27,25.1,26.3,26.3,26,26,27.4,25.9,24.9,25.5,24.9,25.1
7:17:35 AM,23.7,27.1,25.4,26.6,26.5,26.3,26.3,27.9,26.3,25.2,25.9,25.1,25.4
7:47:35 AM,23.8,27.3,25.5,26.8,26.5,26.3,26.5,27.7,26.3,25.2,26,25.2,25.5
8:17:35 AM,23.4,26.6,24.9,26.3,26,25.7,25.7,27.3,25.7,24.6,25.4,24.8,25.1
8:47:35 AM,23.2,26.5,24.6,26,26,25.5,25.5,27.1,25.5,24.5,25.1,24.6,24.8
9:17:35 AM,23,26.3,24.5,25.7,25.7,25.2,25.4,27.1,25.2,24.1,24.9,24.5,24.6
9:47:35 AM,23.4,26.6,25.1,26.3,26.2,26,26,27.4,26,24.9,25.4,24.9,25.2
10:17:35 AM,23.7,27,25.2,26.5,26.5,26.2,26.2,27.6,26.2,25.1,25.7,25.1,25.4
10:47:35 AM,23.7,27,25.2,26.6,26.5,26.2,26.3,27.7,26.3,25.1,25.7,25.2,25.5
11:17:35 AM,23.4,26.6,24.9,26.2,26.2,25.7,25.9,27.3,25.7,24.6,25.2,24.8,25.1
11:47:35 AM,23.2,26.5,24.6,26,25.9,25.4,25.5,27,25.2,24.5,24.9,24.6,24.8
12:17:35 PM,22.9,26.3,24.5,25.7,25.7,25.4,25.4,26.8,25.2,24.3,24.8,24.5,24.6
12:47:35 PM,22.9,26.3,24.5,25.7,25.9,25.4,25.5,27.1,25.4,24.3,24.8,24.3,24.6
1:17:35 PM,23.4,26.6,25.1,26.3,26.2,25.9,26.2,27.4,26,24.8,25.4,24.9,25.1
1:47:35 PM,23.5,27.1,25.4,26.6,26.5,26,26.3,27.6,26.2,25.1,25.5,25.1,25.4
2:17:35 PM,23.8,27.3,25.4,26.8,26.6,26.2,26.5,28.1,26.3,25.2,25.9,25.4,25.5
2:47:35 PM,23.7,27,25.1,26.5,26.3,26,26.2,27.6,26,24.9,25.7,25.1,25.4
3:17:35 PM,23.5,26.8,25.1,26.3,26.2,25.7,26,27.4,25.9,24.8,25.4,24.9,25.1
3:47:35 PM,23.4,26.6,24.9,26,26,25.7,25.7,27.1,25.7,24.6,25.1,24.8,25.1
4:17:35 PM,23.4,26.6,24.9,26,26.2,25.7,25.9,27.3,25.9,24.6,25.2,24.8,25.1
4:47:35 PM,23.2,26.5,24.8,26,26,25.5,25.7,27.1,25.7,24.5,25.1,24.8,24.9
5:17:35 PM,23.7,27,25.4,26.6,26.5,26.2,26.3,27.6,26.3,25.1,25.7,25.2,25.4
5:47:35 PM,24,27.3,25.5,27,26.8,26.3,26.5,28.1,26.5,25.2,25.9,25.4,25.7
6:17:35 PM,23.7,26.8,24.9,26.2,26.2,25.9,25.9,27.6,25.9,24.8,25.4,24.9,25.2
6:47:35 PM,23.4,26.5,24.8,26,26,25.5,25.7,27.1,25.5,24.5,25.1,24.6,24.9
7:17:35 PM,23.2,26.3,24.6,25.9,26,25.5,25.5,27,25.5,24.5,24.9,24.6,24.8
7:47:35 PM,23.2,26.5,24.8,25.9,25.9,25.5,25.5,27.3,25.5,24.3,25.1,24.6,24.8
8:17:35 PM,23.5,26.6,25.1,26.2,26.2,25.7,26,27.4,25.9,24.8,25.4,24.9,25.1
8:47:35 PM,23.8,27.1,25.4,26.6,26.5,26,26.3,27.6,26.2,25.1,25.5,25.1,25.4
9:17:35 PM,24,27.3,25.5,26.8,26.6,26.2,26.5,27.9,26.3,25.2,25.9,25.2,25.5
9:47:36 PM,23.5,26.6,25.1,26.2,26.2,25.9,26,27.4,26,24.8,25.4,24.9,25.1
10:17:36 PM,23.4,26.3,24.6,25.9,26,25.5,25.9,27.1,25.5,24.6,25.1,24.6,24.9
10:47:36 PM,23.2,26.2,24.5,25.7,25.7,25.4,25.5,27,25.4,24.3,24.9,24.5,24.6
11:17:36 PM,23,26.2,24.5,25.5,25.7,25.2,25.4,27,25.2,24.1,24.9,24.3,24.5
11:47:36 PM,23.5,26.6,25.1,26.2,26,25.9,26,27.4,25.9,24.8,25.5,24.8,25.1
12:17:36 AM,23.7,27,25.4,26.5,26.3,25.9,26.3,27.6,26,24.9,25.7,25.1,25.2
12:47:36 AM,23.4,26.5,24.8,26,25.9,25.5,25.9,27.3,25.5,24.6,25.2,24.6,24.8
1:17:36 AM,23.2,26.3,24.6,25.9,25.7,25.4,25.5,27.1,25.4,24.3,25.1,24.5,24.6
1:47:36 AM,23.2,26.3,24.6,25.7,25.7,25.4,25.5,27.1,25.2,24.3,24.9,24.5,24.6
3:17:36 AM,23.2,26.3,24.6,25.9,25.7,25.2,25.5,27,25.2,24.3,24.9,24.5,24.6
3:47:36 AM,23,26.2,24.6,25.7,25.9,25.4,25.5,27.1,25.4,24.3,25.1,24.3,24.5
4:17:36 AM,23.4,26.6,25.1,26.2,26,25.7,26,27.4,25.9,24.8,25.5,24.8,25.1
4:47:36 AM,23.5,26.8,25.2,26.5,26.2,25.9,26.2,27.6,25.9,24.9,25.7,24.9,25.1
5:17:36 AM,23,26.3,24.5,25.9,25.7,25.4,25.5,27,25.4,24.3,25.2,24.5,24.6
5:47:36 AM,22.9,26,24.3,25.5,25.5,25.2,25.4,27.1,25.1,24,24.9,24.3,24.3
6:17:36 AM,23,26.3,24.5,25.7,25.7,25.2,25.5,27.1,25.2,24.1,24.9,24.3,24.5
6:47:36 AM,23,26.3,24.5,25.9,25.7,25.2,25.5,27,25.2,24.3,24.9,24.3,24.6
7:17:36 AM,22.9,26,24.3,25.5,25.7,25.2,25.4,26.8,25.1,24.3,24.9,24.3,24.5
7:47:36 AM,23.2,26.5,24.8,25.9,26,25.7,25.7,27.3,25.7,24.5,25.2,24.6,24.8
8:17:36 AM,23.7,26.6,25.2,26.5,26.2,26.2,26.2,27.7,26.3,25.1,26,25.2,25.4
8:47:36 AM,23.7,26.6,25.1,26.3,26.3,26,26.2,27.6,26,25.1,25.7,25.1,25.4
9:17:36 AM,23.2,26.5,24.8,26,26,25.5,25.7,27.3,25.5,24.5,25.1,24.6,24.8
9:47:36 AM,23,26.2,24.5,25.9,25.7,25.4,25.5,27.1,25.2,24.3,24.9,24.5,24.5
10:17:36 AM,22.7,26.2,24.3,25.7,25.5,25.1,25.2,26.8,25.1,24,24.6,24.1,24.3
10:47:36 AM,22.7,26,24.3,25.5,25.5,25.2,25.4,26.8,25.1,24.1,24.6,24.1,24.3
11:17:36 AM,23,26.3,24.8,26,25.7,25.5,25.7,27.1,25.5,24.6,25.1,24.6,24.8
11:47:36 AM,23.2,26.6,24.9,26.2,26,25.7,26,27.4,25.9,24.6,25.5,24.8,24.9
12:17:36 PM,22.7,26.2,24.3,25.7,25.7,25.2,25.4,27,25.2,24.1,24.8,24.3,24.5
12:47:36 PM,23,26.2,24.1,25.5,25.4,25.1,25.2,26.6,24.9,23.8,24.5,24.1,24.3
1:17:36 PM,23.5,26.3,24.3,25.7,25.5,25.1,25.4,26.6,25.1,24,24.6,24.3,24.5
1:47:36 PM,24,26.5,24.6,25.9,25.7,25.4,25.5,27,25.4,24.1,24.8,24.5,24.6
2:17:36 PM,24.1,26.3,24.6,26,25.9,25.4,25.4,27,25.4,24.1,24.8,24.5,24.5
2:47:36 PM,24.5,27,25.1,26.3,26.2,25.7,26,27.4,25.9,24.6,25.2,24.8,25.1
3:17:36 PM,24.9,27.1,25.4,26.6,26.5,26,26.2,27.4,26,24.9,25.2,25.1,25.2
3:47:36 PM,24.6,26.8,24.9,26.3,26,25.7,25.7,27.3,25.7,24.3,24.8,24.6,24.8
4:17:36 PM,24.5,25.7,24.6,25.9,25.4,25.4,25.5,27.1,25.4,24.3,24.6,24.5,24.6
4:47:36 PM,24.5,23.4,24.5,25.5,23.5,25.2,25.4,26.8,25.2,24.1,24.5,24.5,24.6
5:17:36 PM,24.5,22.6,24.5,23.7,22.1,24,25.4,26.2,25.2,24.1,24.3,24.5,24.6
5:47:36 PM,24.8,22.1,24.6,23,22.1,23,25.7,25.9,25.9,24.6,24.6,24.8,25.1
6:17:36 PM,25.1,21.6,24.9,22.9,21.8,22.7,26.2,26,26,24.9,25.1,25.1,25.4
6:47:36 PM,25.2,21.5,24.8,22.6,21.6,22.7,26.2,25.9,26,24.9,24.9,25.1,25.2
7:17:36 PM,25.1,21.2,24.8,22.9,21.2,24,25.9,26,25.5,24.6,24.8,24.8,25.1
7:47:36 PM,25.1,21.8,24.8,23.4,22.1,25.1,25.7,26.5,25.5,24.5,24.9,24.8,24.9
8:17:36 PM,24.9,22.6,24.6,23.7,23.2,25.5,25.7,26.6,25.5,24.5,24.8,24.6,24.9
8:47:36 PM,24.8,23.2,24.6,24.1,24,25.7,25.7,27,25.7,24.5,24.9,24.6,24.8
9:17:36 PM,25.4,24.3,25.4,25.1,25.1,26.2,26.3,27.6,26.3,25.1,25.5,25.1,25.4
9:47:36 PM,25.9,24.9,25.7,25.5,25.5,26.5,26.6,27.9,26.5,25.4,25.9,25.4,25.7
10:17:36 PM,25.2,24.6,25.2,24.9,25.2,26.2,26.2,27.9,26,24.9,25.7,25.1,25.4
10:47:36 PM,24.1,24.5,24.9,24.8,25.1,25.9,25.9,27.4,25.7,24.8,25.2,24.8,25.1
11:17:36 PM,23.7,24.5,24.8,25.2,25.2,25.7,25.9,27.1,25.5,24.8,25.1,24.8,25.1
11:47:36 PM,23.7,24.6,25.1,26,25.2,26,26,27.4,26,24.9,25.4,24.9,25.1
12:17:36 AM,24,25.1,25.4,26.6,25.5,26.3,26.5,27.9,26.5,25.2,26,25.2,25.5
12:47:36 AM,24,25.4,25.5,26.8,25.5,26.2,26.5,27.7,26.3,25.1,25.9,25.1,25.4
1:17:36 AM,23.5,24.8,25.1,26.3,25.2,26,26,27.3,26,24.8,25.4,24.8,25.1
1:47:36 AM,23.2,24.8,24.8,26.2,25.4,25.7,25.9,27.3,25.7,24.6,25.2,24.6,24.9
2:17:36 AM,23,24.5,24.8,26,25.7,25.7,25.9,27.1,25.7,24.6,25.1,24.6,24.9
2:47:36 AM,23.5,25.1,25.2,26.5,26.2,26,26.2,27.4,26,25.1,25.5,24.9,25.2
3:17:36 AM,23.7,25.2,25.2,26.6,26.5,26.2,26.3,27.7,26.2,25.1,25.9,25.1,25.2
3:47:36 AM,23.2,24.8,24.9,26.2,26.2,25.9,26,27.3,25.9,24.8,25.2,24.6,24.9
4:17:36 AM,22.9,24.8,24.6,25.9,25.9,25.5,25.7,27,25.5,24.5,24.9,24.5,24.8
4:47:36 AM,22.7,24.6,24.5,25.7,25.7,25.2,25.4,26.8,25.1,24.1,24.8,24.3,24.5
5:17:36 AM,22.7,25.2,24.5,25.7,25.9,25.4,25.4,27.1,25.2,24.3,24.9,24.3,24.6
5:47:36 AM,23.2,26.2,25.1,26.3,26.2,26,26,27.4,26.2,24.9,25.5,24.9,25.2
6:17:36 AM,23.7,26.8,25.4,26.8,26.3,26.5,26.5,27.6,26.6,25.4,25.7,25.4,25.7
6:47:36 AM,23.4,26.6,25.1,26.2,26.2,25.9,26,27.6,26,24.9,25.4,24.9,25.2
7:17:36 AM,23,26.3,24.8,25.9,26,25.7,25.7,27.3,25.5,24.5,25.1,24.6,24.8
7:47:36 AM,22.9,26.3,24.6,25.9,25.9,25.4,25.5,27,25.4,24.5,24.9,24.5,24.8
8:17:36 AM,22.9,26.3,24.8,25.9,25.9,25.5,25.7,27.1,25.5,24.6,25.1,24.6,24.8
8:47:36 AM,23.4,26.5,25.1,26.3,26.2,26,26.2,27.7,26.2,25.2,26,24.9,25.4
9:17:36 AM,23.4,26.8,25.2,26.3,26.3,26,26.2,27.6,26,25.1,25.9,25.1,25.4
9:47:36 AM,22.9,26.3,24.8,25.9,25.9,25.7,25.7,27.3,25.7,24.6,25.2,24.6,24.9
10:17:36 AM,22.9,26.2,24.6,25.7,25.9,25.5,25.5,27.1,25.5,24.5,25.1,24.5,24.8
